,S.no,State,Year ,Total Population,Male Population,Female Population,Total_Literacy in %,Males_Literacy in %,Females_Literacy in %,Total Literacy,Male Literacy,Female Literacy,Area in SQKM,Literacy Rate,YEAR,MURDER,ATTEMPT TO MURDER,CULPABLE HOMICIDE NOT AMOUNTING TO MURDER,RAPE,CUSTODIAL RAPE,OTHER RAPE,KIDNAPPING & ABDUCTION,KIDNAPPING AND ABDUCTION OF WOMEN AND GIRLS,KIDNAPPING AND ABDUCTION OF OTHERS,DACOITY,PREPARATION AND ASSEMBLY FOR DACOITY,ROBBERY,BURGLARY,THEFT,AUTO THEFT,OTHER THEFT,RIOTS,CRIMINAL BREACH OF TRUST,CHEATING,COUNTERFIETING,ARSON,HURT/GREVIOUS HURT,DOWRY DEATHS,ASSAULT ON WOMEN WITH INTENT TO OUTRAGE HER MODESTY,INSULT TO MODESTY OF WOMEN,CRUELTY BY HUSBAND OR HIS RELATIVES,IMPORTATION OF GIRLS FROM FOREIGN COUNTRIES,CAUSING DEATH BY NEGLIGENCE,OTHER IPC CRIMES,TOTAL IPC CRIMES
0,1,Jammu and Kashmir,2001,10069917,5300574,4769343,54.46,65.75,41.82,5484077,3485127,1994539,"42,241",545,2001,1075,1474,33,169,0,169,606,504,102,24,0,161,1345,1919,633,1286,1072,90,391,15,437,318,13,622,288,50,0,357,9046,19505
1,2,Himachal Pradesh,2001,6077248,3085256,2991992,77.13,86.02,68.08,4687381,2653937,2036948,"55,673",771,2001,119,75,11,124,0,124,126,105,21,4,0,28,844,600,142,458,628,69,146,2,134,1403,10,310,14,317,0,483,6052,11499
2,3,Punjab,2001,24289296,12963362,11325934,69.95,75.63,63.55,16990363,9804191,7197631,"50,362",700,2001,738,789,80,298,0,298,513,324,189,45,84,131,1902,3023,1204,1819,1,368,2621,58,63,3996,159,372,47,1128,0,2154,9204,27774
3,4,Chandigarh,2001,900914,508224,392690,81.76,85.65,76.65,736587,435294,300997,114,818,2001,15,10,6,18,0,18,56,50,6,5,0,22,364,1529,494,1035,91,26,155,2,5,95,3,24,15,36,0,6,914,3397
4,5,Uttaranchal,2001,8479562,4316401,4163161,72.28,84.01,60.26,6129027,3626208,2508721,20650,723,2001,316,279,38,74,0,74,183,126,57,32,3,191,533,1419,374,1045,440,171,318,4,30,830,56,103,84,301,0,441,2227,8073
5,6,Haryana,2001,21082989,11327658,9755331,68.59,79.25,56.31,14460822,8977169,5493227,"44,212",686,2001,781,467,78,398,0,398,449,297,152,77,141,397,3109,6117,3022,3095,750,556,1016,37,203,4744,285,478,401,1513,0,856,15906,38759
6,7,Delhi,2001,13782976,7570890,6212086,81.82,87.37,75.0,11277231,6614687,4659065,1484,818,2001,547,510,63,381,0,381,1627,964,663,48,74,624,3029,19276,7894,11382,165,479,2183,42,50,2011,113,502,90,138,0,432,22000,54384
7,8,Rajasthan,2001,56473122,29381657,27091465,61.03,76.46,44.34,34465546,22465215,12012356,"342,239",610,2001,1259,1923,63,1049,0,1049,2718,2165,553,60,40,889,7284,16939,4324,12615,11214,1026,6644,89,1092,27485,376,2878,56,5532,1,4221,62347,155185
8,9,Uttar Pradesh,2001,166052859,87466301,78586558,57.36,70.23,42.98,95247920,61427583,33776503,"240,928",574,2001,7601,7964,1186,1958,0,1958,4330,2879,1451,905,38,3825,8411,27011,6189,20822,7343,3430,5363,147,812,17816,2211,2870,2575,7365,0,7129,57839,178129
9,10,Bihar,2001,82878796,43153964,39724832,47.53,60.32,33.57,39392292,26030471,13335626,"94,163",475,2001,3643,3419,250,888,0,888,2159,518,1641,1291,147,2203,3233,9701,1050,8651,8606,946,1659,85,502,7544,859,562,21,1558,83,2406,36667,88432
10,11,Sikkim,2001,540493,288217,252276,69.68,76.73,61.46,376616,221149,155049,"7,096",697,2001,19,11,7,8,0,8,6,2,4,0,0,3,76,74,6,68,3,1,13,0,1,35,0,0,14,0,0,7,166,444
11,12,Arunachal Pradesh,2001,1091117,573951,517166,54.74,64.07,44.24,597277,367730,228794,"83,743",547,2001,83,53,3,33,0,33,83,55,28,22,2,84,248,443,36,407,24,41,30,4,13,466,0,78,3,11,0,0,618,2342
12,13,Nagaland,2001,1988636,1041686,946950,67.11,71.77,61.92,1334574,747618,586351,"16,579",671,2001,101,39,9,17,0,17,23,6,17,11,0,129,163,258,89,169,2,20,34,2,1,37,0,6,0,0,0,19,363,1234
13,14,Manipur,2001,2388634,1207338,1181296,68.87,77.87,59.7,1645052,940154,705234,"22,327",689,2001,209,168,5,20,0,20,94,62,32,20,17,19,75,217,71,146,131,33,66,20,64,201,0,21,0,5,0,7,1097,2489
14,15,Mizoram,2001,891058,459783,431275,88.49,90.69,86.13,788497,416977,371457,"21,081",885,2001,31,15,5,52,0,52,2,1,1,3,0,23,417,878,17,861,3,23,71,12,24,94,0,52,0,16,3,23,499,2246
15,16,Tripura,2001,3191168,1636138,1555030,73.66,81.47,65.41,2350614,1332962,1017145,"10,491",737,2001,240,25,0,102,0,102,93,35,58,26,0,63,198,259,6,253,138,4,17,6,31,412,16,58,0,227,0,31,855,2801
16,17,Meghalaya,2001,2306069,1167840,1138229,63.31,66.14,60.41,1459972,772409,687604,"22,429",633,2001,164,47,2,26,0,26,55,11,44,97,3,125,170,271,16,255,8,19,29,3,26,102,0,25,0,4,0,0,511,1687
17,18,Assam,2001,26638407,13787799,12850608,64.28,71.93,56.03,17123168,9917564,7200196,"78,438",643,2001,1356,481,40,817,0,817,1480,1070,410,532,14,687,2423,5367,350,5017,2953,374,575,46,441,5805,59,850,4,1248,0,2010,9315,36877
18,19,West Bengal,2001,80221171,41487694,38733477,69.22,77.58,60.22,55529095,32186153,23325300,"88,752",692,2001,1594,449,581,709,0,709,875,695,180,274,421,660,426,14245,2562,11683,3095,486,1216,102,102,3658,265,954,48,3859,3,2281,25260,61563
19,20,Jharkhand,2001,26909428,13861277,13048151,54.13,67.94,39.38,14566073,9417352,5138362,"79,716",541,2001,1507,866,143,567,0,567,441,279,162,636,48,647,1266,3827,754,3073,2018,283,554,23,165,2254,217,297,5,484,2,420,8777,25447
20,21,Orissa,2001,36706920,18612340,18094580,63.61,75.95,50.97,23349272,14136072,9222807,155707,636,2001,987,1151,53,790,0,790,522,434,88,199,22,958,3093,5622,817,4805,1426,285,681,10,423,4367,294,1655,458,1266,0,1589,20810,46661
21,22,Chhatisgarh,2001,20795956,10452426,10343530,65.18,77.86,52.4,13554804,8138259,5420010,135192,652,2001,880,529,45,959,0,959,207,171,36,87,19,338,4144,4812,920,3892,871,154,402,8,215,5477,70,1763,161,840,0,689,15790,38460
22,23,Madhya Pradesh,2001,60385118,31456873,28928245,64.11,76.8,50.28,38712899,24158878,14545122,"308,252",641,2001,2425,2870,125,2851,0,2851,956,668,288,166,130,1764,13549,20263,4535,15728,3395,481,1413,19,1014,30895,609,7063,751,2562,0,3297,85143,181741
23,24,Gujarat,2001,50596992,26344053,24252939,69.97,80.5,58.6,35402715,21206963,14212222,"196,024",700,2001,1226,537,94,286,0,286,998,857,141,327,19,991,5142,15834,5504,10330,1930,1748,1779,55,449,13760,67,756,111,3667,0,2924,50719,103419
24,25,Daman & Diu,2001,158059,92478,65581,81.09,88.4,70.37,128170,81751,46149,112,811,2001,7,5,0,0,0,0,5,3,2,0,0,0,43,40,20,20,23,5,9,1,3,21,0,0,0,4,0,0,73,239
25,26,Dadra & Nagar Haveli,2001,220451,121731,98720,60.03,73.32,42.99,132337,89253,42440,491,600,2001,3,2,0,6,0,6,4,2,2,0,0,2,34,45,15,30,4,13,12,1,1,29,0,7,0,4,0,0,183,350
26,27,Maharashtra,2001,96752247,50334270,46417977,77.27,86.27,67.51,74760461,43423375,31336776,"307,713",773,2001,2839,1454,101,1302,0,1302,985,611,374,529,328,2239,15073,39866,8873,30993,6719,1542,4273,265,1208,30212,308,2823,1120,6090,1,8993,42963,171233
27,28,Andhra Pradesh,2001,75727541,38286811,37440730,61.11,70.85,51.17,46277100,27126206,19158422,"162,975",611,2001,2602,1555,136,871,0,871,1182,765,417,214,9,629,7220,16751,3051,13700,3001,788,5391,144,872,34947,420,3544,2271,5791,7,7400,34344,130089
28,29,Karnataka,2001,52733958,26856343,25877615,67.04,76.29,57.45,35352845,20488704,14866690,"191,791",670,2001,1626,1475,74,293,0,293,559,271,288,178,36,847,6394,12868,4016,8852,6686,494,2678,131,352,23285,220,1665,81,1755,0,100,47301,109098
29,30,Goa,2001,1343998,685617,658381,82.32,88.88,75.51,1106379,609376,497143,"3,702",823,2001,36,30,5,12,0,12,9,6,3,7,0,25,359,576,168,408,64,39,62,2,16,174,2,17,7,11,0,191,697,2341
30,31,Lakshadweep,2001,60595,31118,29477,87.52,93.15,81.56,53033,28986,24041,32,875,2001,1,0,0,0,0,0,0,0,0,0,0,0,1,10,0,10,1,1,0,0,2,3,0,0,0,0,0,0,17,36
31,32,Kerala,2001,31838619,15468664,16369955,90.92,94.2,87.86,28947672,14571481,14382642,"38,863",909,2001,472,615,111,562,0,562,183,97,86,176,13,517,4474,5441,1795,3646,8108,428,2756,239,768,19829,27,1942,81,2561,0,0,54544,103847
32,33,Tamil Nadu,2001,62110839,31268654,30842185,73.47,82.33,64.55,45632833,25743483,19908630,"130,058",735,2001,1662,2204,19,423,0,423,952,607,345,158,6,672,5965,16709,4478,12231,5196,360,2139,104,980,28429,191,1773,1012,815,14,8550,76468,154801
33,34,Pondicherry,2001,973829,486705,487124,81.49,88.89,74.13,793573,432632,361105,479,815,2001,25,32,1,9,0,9,4,3,1,1,0,4,111,528,284,244,100,5,23,3,31,635,1,35,27,3,0,166,2324,4068
34,35,Andaman & Nicobar Islands*,2001,356265,192985,163280,81.18,86.07,75.29,289216,166102,122934,8249,812,2001,13,0,0,3,0,3,2,2,0,0,0,4,64,65,4,61,13,10,8,2,4,118,0,19,1,9,0,0,323,658
35,36,Jammu and Kashmir,2002,10250169,5362061,4888108,54.78,66.2,42.03,5615043,3549684,2054472,"42,241",548,2001,1075,1474,33,169,0,169,606,504,102,24,0,161,1345,1919,633,1286,1072,90,391,15,437,318,13,622,288,50,0,357,9046,19505
36,37,Himachal Pradesh,2002,6186031,3105619,3080412,77.59,86.61,68.42,4799741,2689777,2107618,"55,673",776,2001,119,75,11,124,0,124,126,105,21,4,0,28,844,600,142,458,628,69,146,2,134,1403,10,310,14,317,0,483,6052,11499
37,38,Punjab,2002,24724074,13048920,11675154,70.36,76.15,63.87,17395858,9936753,7456921,"50,362",704,2001,738,789,80,298,0,298,513,324,189,45,84,131,1902,3023,1204,1819,1,368,2621,58,63,3996,159,372,47,1128,0,2154,9204,27774
38,39,Chandigarh,2002,917040,512849,404192,82.24,86.24,77.03,754174,442281,311349,114,822,2001,15,10,6,18,0,18,56,50,6,5,0,22,364,1529,494,1035,91,26,155,2,5,95,3,24,15,36,0,6,914,3397
39,40,Uttaranchal,2002,8631346,4359565,4271781,72.71,84.59,60.56,6275852,3687756,2586991,20650,727,2001,316,279,38,74,0,74,183,126,57,32,3,191,533,1419,374,1045,440,171,318,4,30,830,56,103,84,301,0,441,2227,8073
40,41,Haryana,2002,21460375,11459059,10001316,68.99,79.8,56.59,14805513,9144329,5659745,"44,212",690,2001,781,467,78,398,0,398,449,297,152,77,141,397,3109,6117,3022,3095,750,556,1016,37,203,4744,285,478,401,1513,0,856,15906,38759
41,42,Delhi,2002,14029691,7658712,6370979,82.3,87.97,75.38,11546436,6737369,4802444,1484,823,2001,547,510,63,381,0,381,1627,964,663,48,74,624,3029,19276,7894,11382,165,479,2183,42,50,2011,113,502,90,138,0,432,22000,54384
42,43,Rajasthan,2002,57483991,29748928,27735063,61.39,76.99,44.56,35289422,22903700,12358744,"342,239",614,2001,1259,1923,63,1049,0,1049,2718,2165,553,60,40,889,7284,16939,4324,12615,11214,1026,6644,89,1092,27485,376,2878,56,5532,1,4221,62347,155185
43,44,Uttar Pradesh,2002,169025205,88480910,80544295,57.7,70.71,43.19,97527543,62564851,34787081,"240,928",577,2001,7601,7964,1186,1958,0,1958,4330,2879,1451,905,38,3825,8411,27011,6189,20822,7343,3430,5363,147,812,17816,2211,2870,2575,7365,0,7129,57839,178129
44,45,Bihar,2002,84362326,43693389,40668938,47.81,60.74,33.74,40333628,26539364,13721700,"94,163",478,2001,3643,3419,250,888,0,888,2159,518,1641,1291,147,2203,3233,9701,1050,8651,8606,946,1659,85,502,7544,859,562,21,1558,83,2406,36667,88432
45,46,Sikkim,2002,550168,290119,260049,70.09,77.26,61.77,385613,224146,160632,"7,096",701,2001,19,11,7,8,0,8,6,2,4,0,0,3,76,74,6,68,3,1,13,0,1,35,0,0,14,0,0,7,166,444
46,47,Arunachal Pradesh,2002,1110648,580609,530039,55.06,64.51,44.46,611523,374551,235655,"83,743",551,2001,83,53,3,33,0,33,83,55,28,22,2,84,248,443,36,407,24,41,30,4,13,466,0,78,3,11,0,0,618,2342
47,48,Nagaland,2002,2024233,1044290,979942,67.51,72.27,62.23,1366560,754708,609818,"16,579",675,2001,101,39,9,17,0,17,23,6,17,11,0,129,163,258,89,169,2,20,34,2,1,37,0,6,0,0,0,19,363,1234
48,49,Manipur,2002,2431391,1218325,1213066,69.28,78.41,60.0,1684468,955289,727840,"22,327",693,2001,209,168,5,20,0,20,94,62,32,20,17,19,75,217,71,146,131,33,66,20,64,201,0,21,0,5,0,7,1097,2489
49,50,Mizoram,2002,907008,465116,441891,89.01,91.32,86.56,807328,424744,382501,"21,081",890,2001,31,15,5,52,0,52,2,1,1,3,0,23,417,878,17,861,3,23,71,12,24,94,0,52,0,16,3,23,499,2246
50,51,Tripura,2002,3248290,1648409,1599881,74.09,82.03,65.74,2406658,1352190,1051762,"10,491",741,2001,240,25,0,102,0,102,93,35,58,26,0,63,198,259,6,253,138,4,17,6,31,412,16,58,0,227,0,31,855,2801
51,52,Meghalaya,2002,2347348,1186292,1161056,63.68,66.6,60.71,1494791,790070,704877,"22,429",637,2001,164,47,2,26,0,26,55,11,44,97,3,125,170,271,16,255,8,19,29,3,26,102,0,25,0,4,0,0,511,1687
52,53,Assam,2002,27115234,13902238,13212997,64.66,72.43,56.31,17532710,10069391,7440239,"78,438",647,2001,1356,481,40,817,0,817,1480,1070,410,532,14,687,2423,5367,350,5017,2953,374,575,46,441,5805,59,850,4,1248,0,2010,9315,36877
53,54,West Bengal,2002,81657130,41761513,39895617,69.63,78.12,60.52,56857860,32624094,24144827,"88,752",696,2001,1594,449,581,709,0,709,875,695,180,274,421,660,426,14245,2562,11683,3095,486,1216,102,102,3658,265,954,48,3859,3,2281,25260,61563
54,55,Jharkhand,2002,27391107,14022068,13369039,54.45,68.41,39.58,14914458,9592497,5291466,"79,716",545,2001,1507,866,143,567,0,567,441,279,162,636,48,647,1266,3827,754,3073,2018,283,554,23,165,2254,217,297,5,484,2,420,8777,25447
55,56,Orissa,2002,37363974,30896484,6467489,63.99,76.47,51.22,23909207,23626541,3312648,155707,640,2001,987,1151,53,790,0,790,522,434,88,199,22,958,3093,5622,817,4805,1426,285,681,10,423,4367,294,1655,458,1266,0,1589,20810,46661
56,57,Chhatisgarh,2002,21168204,10573674,10594529,65.56,78.4,52.66,13877875,8289760,5579079,135192,656,2001,880,529,45,959,0,959,207,171,36,87,19,338,4144,4812,920,3892,871,154,402,8,215,5477,70,1763,161,840,0,689,15790,38460
57,58,Madhya Pradesh,2002,61466012,31614157,29851854,64.49,77.33,50.53,39639431,24447228,15084142,"308,252",645,2001,2425,2870,125,2851,0,2851,956,668,288,166,130,1764,13549,20263,4535,15728,3395,481,1413,19,1014,30895,609,7063,751,2562,0,3297,85143,181741
58,59,Gujarat,2002,51502678,26607494,24895185,70.38,81.06,58.89,36247585,21568035,14660774,"196,024",704,2001,1226,537,94,286,0,286,998,857,141,327,19,991,5142,15834,5504,10330,1930,1748,1779,55,449,13760,67,756,111,3667,0,2924,50719,103419
59,60,Daman & Diu,2002,160888,94938,65950,81.57,89.01,70.72,131236,84504,46640,112,816,2001,7,5,0,0,0,0,5,3,2,0,0,0,43,40,20,20,23,5,9,1,3,21,0,0,0,4,0,0,73,239
60,61,Dadra & Nagar Haveli,2002,224397,122035,102362,60.38,73.83,43.2,135491,90098,44220,491,604,2001,3,2,0,6,0,6,4,2,2,0,0,2,34,45,15,30,4,13,12,1,1,29,0,7,0,4,0,0,183,350
61,62,Maharashtra,2002,98484112,50752044,47732068,77.73,86.87,67.85,76551700,44088301,32386208,"307,713",777,2001,2839,1454,101,1302,0,1302,985,611,374,529,328,2239,15073,39866,8873,30993,6719,1542,4273,265,1208,30212,308,2823,1120,6090,1,8993,42963,171233
62,63,Andhra Pradesh,2002,77083064,38478245,38604819,61.47,71.34,51.43,47382959,27450380,19854458,"162,975",615,2001,2602,1555,136,871,0,871,1182,765,417,214,9,629,7220,16751,3051,13700,3001,788,5391,144,872,34947,420,3544,2271,5791,7,7400,34344,130089
63,64,Karnataka,2002,53677896,27057766,26620130,67.44,76.82,57.74,36200373,20785776,15370463,"191,791",674,2001,1626,1475,74,293,0,293,559,271,288,178,36,847,6394,12868,4016,8852,6686,494,2678,131,352,23285,220,1665,81,1755,0,100,47301,109098
64,65,Goa,2002,1368056,687880,680176,82.81,89.49,75.89,1132887,615584,516186,"3,702",828,2001,36,30,5,12,0,12,9,6,3,7,0,25,359,576,168,408,64,39,62,2,16,174,2,17,7,11,0,191,697,2341
65,66,Lakshadweep,2002,61680,31196,30484,88.04,93.79,81.97,54303,29259,24988,32,880,2001,1,0,0,0,0,0,0,0,0,0,0,0,1,10,0,10,1,1,0,0,2,3,0,0,0,0,0,0,17,36
66,67,Kerala,2002,32408530,15507336,16901195,91.46,94.85,88.3,29640842,14708708,14923755,"38,863",915,2001,472,615,111,562,0,562,183,97,86,176,13,517,4474,5441,1795,3646,8108,428,2756,239,768,19829,27,1942,81,2561,0,0,54544,103847
67,68,Tamil Nadu,2002,63222623,31503169,31719454,73.9,82.9,64.87,46721518,26116127,20576410,"130,058",739,2001,1662,2204,19,423,0,423,952,607,345,158,6,672,5965,16709,4478,12231,5196,360,2139,104,980,28429,191,1773,1012,815,14,8550,76468,154801
68,69,Pondicherry,2002,991261,493568,497693,81.97,89.5,74.5,812537,441743,370781,479,820,2001,25,32,1,9,0,9,4,3,1,1,0,4,111,528,284,244,100,5,23,3,31,635,1,35,27,3,0,166,2324,4068
69,70,Andaman & Nicobar Islands*,2002,362642,193467,169175,81.66,86.66,75.67,296133,167659,128015,8249,817,2001,13,0,0,3,0,3,2,2,0,0,0,4,64,65,4,61,13,10,8,2,4,118,0,19,1,9,0,0,323,658
70,71,Jammu and Kashmir,2003,10428521,5424261,5004261,55.1,66.66,42.24,5746115,3615812,2113800,"42,241",551,2001,1075,1474,33,169,0,169,606,504,102,24,0,161,1345,1919,633,1286,1072,90,391,15,437,318,13,622,288,50,0,357,9046,19505
71,72,Himachal Pradesh,2003,6293668,3126116,3167552,78.04,87.21,68.76,4911579,2726286,2178009,"55,673",780,2001,119,75,11,124,0,124,126,105,21,4,0,28,844,600,142,458,628,69,146,2,134,1403,10,310,14,317,0,483,6052,11499
72,73,Punjab,2003,25154273,13135043,12019230,70.78,76.68,64.19,17804194,10071951,7715144,"50,362",708,2001,738,789,80,298,0,298,513,324,189,45,84,131,1902,3023,1204,1819,1,368,2621,58,63,3996,159,372,47,1128,0,2154,9204,27774
73,74,Chandigarh,2003,932997,517516,415481,82.73,86.84,77.42,771868,449411,321665,114,827,2001,15,10,6,18,0,18,56,50,6,5,0,22,364,1529,494,1035,91,26,155,2,5,95,3,24,15,36,0,6,914,3397
74,75,Uttaranchal,2003,8781532,4403161,4378371,73.14,85.17,60.86,6422813,3750172,2664677,20650,731,2001,316,279,38,74,0,74,183,126,57,32,3,191,533,1419,374,1045,440,171,318,4,30,830,56,103,84,301,0,441,2227,8073
75,76,Haryana,2003,21833785,11591984,10241801,69.4,80.35,56.87,15152647,9314159,5824512,"44,212",694,2001,781,467,78,398,0,398,449,297,152,77,141,397,3109,6117,3022,3095,750,556,1016,37,203,4744,285,478,401,1513,0,856,15906,38759
76,77,Delhi,2003,14273808,7747553,6526255,82.79,88.58,75.75,11817286,6862782,4943638,1484,828,2001,547,510,63,381,0,381,1627,964,663,48,74,624,3029,19276,7894,11382,165,479,2183,42,50,2011,113,502,90,138,0,432,22000,54384
77,78,Rajasthan,2003,58484212,30120789,28363423,61.75,77.52,44.78,36114001,23349636,12701141,"342,239",618,2001,1259,1923,63,1049,0,1049,2718,2165,553,60,40,889,7284,16939,4324,12615,11214,1026,6644,89,1092,27485,376,2878,56,5532,1,4221,62347,155185
78,79,Uttar Pradesh,2003,171966244,89507289,82458955,58.04,71.2,43.41,99809208,63729190,35795432,"240,928",580,2001,7601,7964,1186,1958,0,1958,4330,2879,1451,905,38,3825,8411,27011,6189,20822,7343,3430,5363,147,812,17816,2211,2870,2575,7365,0,7129,57839,178129
79,80,Bihar,2003,85830231,44239556,41590675,48.09,61.16,33.91,41275758,27056912,14103398,"94,163",481,2001,3643,3419,250,888,0,888,2159,518,1641,1291,147,2203,3233,9701,1050,8651,8606,946,1659,85,502,7544,859,562,21,1558,83,2406,36667,88432
80,81,Sikkim,2003,559741,292034,267707,70.5,77.79,62.08,394617,227173,166193,"7,096",705,2001,19,11,7,8,0,8,6,2,4,0,0,3,76,74,6,68,3,1,13,0,1,35,0,0,14,0,0,7,166,444
81,82,Arunachal Pradesh,2003,1129973,587344,542629,55.39,64.96,44.68,625892,381539,242447,"83,743",554,2001,83,53,3,33,0,33,83,55,28,22,2,84,248,443,36,407,24,41,30,4,13,466,0,78,3,11,0,0,618,2342
82,83,Nagaland,2003,2059454,1046901,1012553,67.9,72.76,62.54,1398369,761725,633251,"16,579",679,2001,101,39,9,17,0,17,23,6,17,11,0,129,163,258,89,169,2,20,34,2,1,37,0,6,0,0,0,19,363,1234
83,84,Manipur,2003,2473697,1229412,1244285,69.69,78.95,60.3,1723919,970621,750304,"22,327",697,2001,209,168,5,20,0,20,94,62,32,20,17,19,75,217,71,146,131,33,66,20,64,201,0,21,0,5,0,7,1097,2489
84,85,Mizoram,2003,922790,470512,452278,89.54,91.95,86.99,826266,432636,393437,"21,081",895,2001,31,15,5,52,0,52,2,1,1,3,0,23,417,878,17,861,3,23,71,12,24,94,0,52,0,16,3,23,499,2246
85,86,Tripura,2003,3304810,1660772,1644038,74.53,82.6,66.07,2463075,1371798,1086216,"10,491",745,2001,240,25,0,102,0,102,93,35,58,26,0,63,198,259,6,253,138,4,17,6,31,412,16,58,0,227,0,31,855,2801
86,87,Meghalaya,2003,2388191,1205035,1183156,64.06,67.06,61.02,1529875,808096,721962,"22,429",641,2001,164,47,2,26,0,26,55,11,44,97,3,125,170,271,16,255,8,19,29,3,26,102,0,25,0,4,0,0,511,1687
87,88,Assam,2003,27587040,14017626,13569413,65.04,72.93,56.59,17942611,10223055,7678931,"78,438",650,2001,1356,481,40,817,0,817,1480,1070,410,532,14,687,2423,5367,350,5017,2953,374,575,46,441,5805,59,850,4,1248,0,2010,9315,36877
88,89,West Bengal,2003,83077964,42037139,41040825,70.04,78.65,60.82,58187806,33062210,24961030,"88,752",700,2001,1594,449,581,709,0,709,875,695,180,274,421,660,426,14245,2562,11683,3095,486,1216,102,102,3658,265,954,48,3859,3,2281,25260,61563
89,90,Jharkhand,2003,27867712,14184724,13682988,54.77,68.88,39.77,15263146,9770438,5441724,"79,716",548,2001,1507,866,143,567,0,567,441,279,162,636,48,647,1266,3827,754,3073,2018,283,554,23,165,2254,217,297,5,484,2,420,8777,25447
90,91,Orissa,2003,38014107,51288164,-13274057,64.36,77.0,51.48,24465879,39491886,-6833485,155707,644,2001,987,1151,53,790,0,790,522,434,88,199,22,958,3093,5622,817,4805,1426,285,681,10,423,4367,294,1655,458,1266,0,1589,20810,46661
91,92,Chhatisgarh,2003,21536530,10696329,10840202,65.95,78.94,52.93,14203342,8443682,5737719,135192,660,2001,880,529,45,959,0,959,207,171,36,87,19,338,4144,4812,920,3892,871,154,402,8,215,5477,70,1763,161,840,0,689,15790,38460
92,93,Madhya Pradesh,2003,62535520,31772228,30763292,64.87,77.86,50.78,40566792,24737857,15621600,"308,252",649,2001,2425,2870,125,2851,0,2851,956,668,288,166,130,1764,13549,20263,4535,15728,3395,481,1413,19,1014,30895,609,7063,751,2562,0,3297,85143,181741
93,94,Gujarat,2003,52398825,26873568,25525256,70.8,81.61,59.19,37098368,21931519,15108399,"196,024",708,2001,1226,537,94,286,0,286,998,857,141,327,19,991,5142,15834,5504,10330,1930,1748,1779,55,449,13760,67,756,111,3667,0,2924,50719,103419
94,95,Daman & Diu,2003,163688,97463,66224,82.05,89.62,71.08,134306,87346,47072,112,820,2001,7,5,0,0,0,0,5,3,2,0,0,0,43,40,20,20,23,5,9,1,3,21,0,0,0,4,0,0,73,239
95,96,Dadra & Nagar Haveli,2003,228302,122340,105961,60.74,74.34,43.42,138671,90948,46008,491,607,2001,3,2,0,6,0,6,4,2,2,0,0,2,34,45,15,30,4,13,12,1,1,29,0,7,0,4,0,0,183,350
96,97,Maharashtra,2003,100197736,51173286,49024449,78.18,87.46,68.19,78334590,44756156,33429772,"307,713",782,2001,2839,1454,101,1302,0,1302,985,611,374,529,328,2239,15073,39866,8873,30993,6719,1542,4273,265,1208,30212,308,2823,1120,6090,1,8993,42963,171233
97,98,Andhra Pradesh,2003,78424309,38670636,39753673,61.83,71.83,51.68,48489750,27777118,20544698,"162,975",618,2001,2602,1555,136,871,0,871,1182,765,417,214,9,629,7220,16751,3051,13700,3001,788,5391,144,872,34947,420,3544,2271,5791,7,7400,34344,130089
98,99,Karnataka,2003,54611891,27260699,27351192,67.83,77.35,58.03,37043246,21086151,15871897,"191,791",678,2001,1626,1475,74,293,0,293,559,271,288,178,36,847,6394,12868,4016,8852,6686,494,2678,131,352,23285,220,1665,81,1755,0,100,47301,109098
99,100,Goa,2003,1391860,690150,701710,83.29,90.11,76.27,1159280,621894,535194,"3,702",833,2001,36,30,5,12,0,12,9,6,3,7,0,25,359,576,168,408,64,39,62,2,16,174,2,17,7,11,0,191,697,2341
100,101,Lakshadweep,2003,62753,31274,31479,88.56,94.44,82.38,55574,29535,25932,32,886,2001,1,0,0,0,0,0,0,0,0,0,0,0,1,10,0,10,1,1,0,0,2,3,0,0,0,0,0,0,17,36
101,102,Kerala,2003,32972439,15546104,17426335,92.0,95.5,88.74,30334644,14846529,15464130,"38,863",920,2001,472,615,111,562,0,562,183,97,86,176,13,517,4474,5441,1795,3646,8108,428,2756,239,768,19829,27,1942,81,2561,0,0,54544,103847
102,103,Tamil Nadu,2003,64322697,31739443,32583254,74.34,83.47,65.2,47817493,26492913,21244282,"130,058",743,2001,1662,2204,19,423,0,423,952,607,345,158,6,672,5965,16709,4478,12231,5196,360,2139,104,980,28429,191,1773,1012,815,14,8550,76468,154801
103,104,Pondicherry,2003,1008508,500527,507982,82.45,90.12,74.87,831515,451075,380326,479,825,2001,25,32,1,9,0,9,4,3,1,1,0,4,111,528,284,244,100,5,23,3,31,635,1,35,27,3,0,166,2324,4068
104,105,Andaman & Nicobar Islands*,2003,368952,193951,175001,82.14,87.26,76.04,303057,169242,133071,8249,821,2001,13,0,0,3,0,3,2,2,0,0,0,4,64,65,4,61,13,10,8,2,4,118,0,19,1,9,0,0,323,658
105,106,Jammu and Kashmir,2004,10604763,5487182,5117581,55.43,67.12,42.45,5878220,3682997,2172413,"42,241",554,2001,1075,1474,33,169,0,169,606,504,102,24,0,161,1345,1919,633,1286,1072,90,391,15,437,318,13,622,288,50,0,357,9046,19505
106,107,Himachal Pradesh,2004,6400031,3146748,3253283,78.5,87.81,69.11,5024024,2763159,2248344,"55,673",785,2001,119,75,11,124,0,124,126,105,21,4,0,28,844,600,142,458,628,69,146,2,134,1403,10,310,14,317,0,483,6052,11499
107,108,Punjab,2004,25579381,13221734,12357646,71.2,77.21,64.51,18212519,10208501,7971917,"50,362",712,2001,738,789,80,298,0,298,513,324,189,45,84,131,1902,3023,1204,1819,1,368,2621,58,63,3996,159,372,47,1128,0,2154,9204,27774
108,109,Chandigarh,2004,948765,522225,426539,83.22,87.44,77.81,789562,456634,331890,114,832,2001,15,10,6,18,0,18,56,50,6,5,0,22,364,1529,494,1035,91,26,155,2,5,95,3,24,15,36,0,6,914,3397
109,110,Uttaranchal,2004,8929939,4447192,4482747,73.57,85.76,61.17,6569756,3813912,2742096,20650,736,2001,316,279,38,74,0,74,183,126,57,32,3,191,533,1419,374,1045,440,171,318,4,30,830,56,103,84,301,0,441,2227,8073
110,111,Haryana,2004,22202776,11726451,10476325,69.81,80.9,57.16,15499758,9486699,5988267,"44,212",698,2001,781,467,78,398,0,398,449,297,152,77,141,397,3109,6117,3022,3095,750,556,1016,37,203,4744,285,478,401,1513,0,856,15906,38759
111,112,Delhi,2004,14515035,7837425,6677610,83.28,89.19,76.13,12088121,6990199,5083664,1484,833,2001,547,510,63,381,0,381,1627,964,663,48,74,624,3029,19276,7894,11382,165,479,2183,42,50,2011,113,502,90,138,0,432,22000,54384
112,113,Rajasthan,2004,59472596,30497299,28975296,62.12,78.05,45.01,36944377,23803142,13041781,"342,239",621,2001,1259,1923,63,1049,0,1049,2718,2165,553,60,40,889,7284,16939,4324,12615,11214,1026,6644,89,1092,27485,376,2878,56,5532,1,4221,62347,155185
113,114,Uttar Pradesh,2004,174872473,90545573,84326900,58.38,71.69,43.63,102090550,64912121,36791826,"240,928",584,2001,7601,7964,1186,1958,0,1958,4330,2879,1451,905,38,3825,8411,27011,6189,20822,7343,3430,5363,147,812,17816,2211,2870,2575,7365,0,7129,57839,178129
114,115,Bihar,2004,87280762,44792550,42488211,48.38,61.58,34.08,42226433,27583252,14479982,"94,163",484,2001,3643,3419,250,888,0,888,2159,518,1641,1291,147,2203,3233,9701,1050,8651,8606,946,1659,85,502,7544,859,562,21,1558,83,2406,36667,88432
115,116,Sikkim,2004,569200,293961,275239,70.92,78.33,62.39,403677,230260,171722,"7,096",709,2001,19,11,7,8,0,8,6,2,4,0,0,3,76,74,6,68,3,1,13,0,1,35,0,0,14,0,0,7,166,444
116,117,Arunachal Pradesh,2004,1149070,594157,554913,55.71,65.41,44.91,640147,388638,249211,"83,743",557,2001,83,53,3,33,0,33,83,55,28,22,2,84,248,443,36,407,24,41,30,4,13,466,0,78,3,11,0,0,618,2342
117,118,Nagaland,2004,2094259,1049518,1044741,68.3,73.27,62.85,1430379,768982,656620,"16,579",683,2001,101,39,9,17,0,17,23,6,17,11,0,129,163,258,89,169,2,20,34,2,1,37,0,6,0,0,0,19,363,1234
118,119,Manipur,2004,2515502,1240599,1274903,70.1,79.49,60.6,1763367,986152,772591,"22,327",701,2001,209,168,5,20,0,20,94,62,32,20,17,19,75,217,71,146,131,33,66,20,64,201,0,21,0,5,0,7,1097,2489
119,120,Mizoram,2004,938385,475970,462415,90.07,92.58,87.43,845203,440653,404289,"21,081",901,2001,31,15,5,52,0,52,2,1,1,3,0,23,417,878,17,861,3,23,71,12,24,94,0,52,0,16,3,23,499,2246
120,121,Tripura,2004,3360661,1673228,1687434,74.97,83.17,66.4,2519488,1391624,1120456,"10,491",750,2001,240,25,0,102,0,102,93,35,58,26,0,63,198,259,6,253,138,4,17,6,31,412,16,58,0,227,0,31,855,2801
121,122,Meghalaya,2004,2428552,1224075,1204477,64.44,67.52,61.32,1564959,826495,738585,"22,429",644,2001,164,47,2,26,0,26,55,11,44,97,3,125,170,271,16,255,8,19,29,3,26,102,0,25,0,4,0,0,511,1687
122,123,Assam,2004,28053261,14133973,13919288,65.42,73.43,56.87,18352443,10378576,7915899,"78,438",654,2001,1356,481,40,817,0,817,1480,1070,410,532,14,687,2423,5367,350,5017,2953,374,575,46,441,5805,59,850,4,1248,0,2010,9315,36877
123,124,West Bengal,2004,84481982,42314584,42167398,70.45,79.2,61.13,59517556,33513151,25776930,"88,752",704,2001,1594,449,581,709,0,709,875,695,180,274,421,660,426,14245,2562,11683,3095,486,1216,102,102,3658,265,954,48,3859,3,2281,25260,61563
124,125,Jharkhand,2004,28338676,14349267,13989410,55.09,69.36,39.97,15611777,9952652,5591567,"79,716",551,2001,1507,866,143,567,0,567,441,279,162,636,48,647,1266,3827,754,3073,2018,283,554,23,165,2254,217,297,5,484,2,420,8777,25447
125,126,Orissa,2004,38656545,85138352,-46481807,64.74,77.53,51.74,25026247,66007764,-24049687,155707,647,2001,987,1151,53,790,0,790,522,434,88,199,22,958,3093,5622,817,4805,1426,285,681,10,423,4367,294,1655,458,1266,0,1589,20810,46661
126,127,Chhatisgarh,2004,21900498,10820406,11080092,66.34,79.48,53.19,14528790,8600059,5893501,135192,663,2001,880,529,45,959,0,959,207,171,36,87,19,338,4144,4812,920,3892,871,154,402,8,215,5477,70,1763,161,840,0,689,15790,38460
127,128,Madhya Pradesh,2004,63592371,31931089,31661281,65.25,78.4,51.04,41494022,25033974,16159918,"308,252",652,2001,2425,2870,125,2851,0,2851,956,668,288,166,130,1764,13549,20263,4535,15728,3395,481,1413,19,1014,30895,609,7063,751,2562,0,3297,85143,181741
128,129,Gujarat,2004,53284365,27142304,26142061,71.22,82.18,59.48,37949125,22305545,15549298,"196,024",712,2001,1226,537,94,286,0,286,998,857,141,327,19,991,5142,15834,5504,10330,1930,1748,1779,55,449,13760,67,756,111,3667,0,2924,50719,103419
129,130,Daman & Diu,2004,166454,100056,66398,82.53,90.24,71.43,137374,90291,47428,112,825,2001,7,5,0,0,0,0,5,3,2,0,0,0,43,40,20,20,23,5,9,1,3,21,0,0,0,4,0,0,73,239
130,131,Dadra & Nagar Haveli,2004,232160,122646,109514,61.1,74.85,43.64,141850,91801,47792,491,611,2001,3,2,0,6,0,6,4,2,2,0,0,2,34,45,15,30,4,13,12,1,1,29,0,7,0,4,0,0,183,350
131,132,Maharashtra,2004,101891078,51598025,50293053,78.65,88.07,68.53,80137333,45442381,34465829,"307,713",787,2001,2839,1454,101,1302,0,1302,985,611,374,529,328,2239,15073,39866,8873,30993,6719,1542,4273,265,1208,30212,308,2823,1120,6090,1,8993,42963,171233
132,133,Andhra Pradesh,2004,79749680,38863989,40885691,62.2,72.33,51.94,49604301,28110323,21236028,"162,975",622,2001,2602,1555,136,871,0,871,1182,765,417,214,9,629,7220,16751,3051,13700,3001,788,5391,144,872,34947,420,3544,2271,5791,7,7400,34344,130089
133,134,Karnataka,2004,55534832,27465154,28069678,68.23,77.88,58.32,37891416,21389862,16370236,"191,791",682,2001,1626,1475,74,293,0,293,559,271,288,178,36,847,6394,12868,4016,8852,6686,494,2678,131,352,23285,220,1665,81,1755,0,100,47301,109098
134,135,Goa,2004,1415382,692427,722955,83.79,90.73,76.65,1185949,628239,554145,"3,702",838,2001,36,30,5,12,0,12,9,6,3,7,0,25,359,576,168,408,64,39,62,2,16,174,2,17,7,11,0,191,697,2341
135,136,Lakshadweep,2004,63813,31352,32461,89.08,95.09,82.79,56845,29813,26874,32,891,2001,1,0,0,0,0,0,0,0,0,0,0,0,1,10,0,10,1,1,0,0,2,3,0,0,0,0,0,0,17,36
136,137,Kerala,2004,33529673,15584969,17944704,92.54,96.16,89.18,31028359,14986506,16003087,"38,863",925,2001,472,615,111,562,0,562,183,97,86,176,13,517,4474,5441,1795,3646,8108,428,2756,239,768,19829,27,1942,81,2561,0,0,54544,103847
137,138,Tamil Nadu,2004,65409750,31977488,33432262,74.78,84.05,65.52,48913411,26877079,21904818,"130,058",748,2001,1662,2204,19,423,0,423,952,607,345,158,6,672,5965,16709,4478,12231,5196,360,2139,104,980,28429,191,1773,1012,815,14,8550,76468,154801
138,139,Pondicherry,2004,1025552,507584,517968,82.94,90.74,75.25,850593,460582,389771,479,829,2001,25,32,1,9,0,9,4,3,1,1,0,4,111,528,284,244,100,5,23,3,31,635,1,35,27,3,0,166,2324,4068
139,140,Andaman & Nicobar Islands*,2004,375187,194436,180751,82.63,87.86,76.43,310017,170831,138148,8249,826,2001,13,0,0,3,0,3,2,2,0,0,0,4,64,65,4,61,13,10,8,2,4,118,0,19,1,9,0,0,323,658
140,141,Jammu and Kashmir,2005,10776561,5550833,5225727,55.76,67.58,42.66,6009010,3751253,2229295,"42,241",558,2001,1075,1474,33,169,0,169,606,504,102,24,0,161,1345,1919,633,1286,1072,90,391,15,437,318,13,622,288,50,0,357,9046,19505
141,142,Himachal Pradesh,2005,6503711,3167517,3336194,78.97,88.42,69.45,5135981,2800719,2316987,"55,673",790,2001,119,75,11,124,0,124,126,105,21,4,0,28,844,600,142,458,628,69,146,2,134,1403,10,310,14,317,0,483,6052,11499
142,143,Punjab,2005,25993766,13308998,12684769,71.62,77.74,64.83,18616735,10346415,8223536,"50,362",716,2001,738,789,80,298,0,298,513,324,189,45,84,131,1902,3023,1204,1819,1,368,2621,58,63,3996,159,372,47,1128,0,2154,9204,27774
143,144,Chandigarh,2005,964134,526977,437157,83.71,88.04,78.19,807077,463951,341813,114,837,2001,15,10,6,18,0,18,56,50,6,5,0,22,364,1529,494,1035,91,26,155,2,5,95,3,24,15,36,0,6,914,3397
144,145,Uttaranchal,2005,9074604,4491664,4582940,74.0,86.35,61.47,6715207,3878552,2817133,20650,740,2001,316,279,38,74,0,74,183,126,57,32,3,191,533,1419,374,1045,440,171,318,4,30,830,56,103,84,301,0,441,2227,8073
145,146,Haryana,2005,22562461,11862478,10699983,70.22,81.46,57.44,15843360,9663175,6146070,"44,212",702,2001,781,467,78,398,0,398,449,297,152,77,141,397,3109,6117,3022,3095,750,556,1016,37,203,4744,285,478,401,1513,0,856,15906,38759
146,147,Delhi,2005,14750179,7928339,6821840,83.77,89.81,76.51,12356225,7120441,5219390,1484,838,2001,547,510,63,381,0,381,1627,964,663,48,74,624,3029,19276,7894,11382,165,479,2183,42,50,2011,113,502,90,138,0,432,22000,54384
147,148,Rajasthan,2005,60436052,30878515,29557536,62.48,78.59,45.23,37760445,24267425,13368874,"342,239",625,2001,1259,1923,63,1049,0,1049,2718,2165,553,60,40,889,7284,16939,4324,12615,11214,1026,6644,89,1092,27485,376,2878,56,5532,1,4221,62347,155185
148,149,Uttar Pradesh,2005,177705407,91595902,86109505,58.73,72.19,43.85,104366386,66123082,37759018,"240,928",587,2001,7601,7964,1186,1958,0,1958,4330,2879,1451,905,38,3825,8411,27011,6189,20822,7343,3430,5363,147,812,17816,2211,2870,2575,7365,0,7129,57839,178129
149,150,Bihar,2005,88694710,45352457,43342253,48.66,62.0,34.25,43158846,28118523,14844722,"94,163",487,2001,3643,3419,250,888,0,888,2159,518,1641,1291,147,2203,3233,9701,1050,8651,8606,946,1659,85,502,7544,859,562,21,1558,83,2406,36667,88432
150,151,Sikkim,2005,578421,295902,282520,71.34,78.87,62.7,412646,233378,177140,"7,096",713,2001,19,11,7,8,0,8,6,2,4,0,0,3,76,74,6,68,3,1,13,0,1,35,0,0,14,0,0,7,166,444
151,152,Arunachal Pradesh,2005,1167685,601049,566635,56.04,65.86,45.13,654371,395851,255722,"83,743",560,2001,83,53,3,33,0,33,83,55,28,22,2,84,248,443,36,407,24,41,30,4,13,466,0,78,3,11,0,0,618,2342
152,153,Nagaland,2005,2128186,1052142,1076044,68.71,73.77,63.17,1462277,776165,679737,"16,579",687,2001,101,39,9,17,0,17,23,6,17,11,0,129,163,258,89,169,2,20,34,2,1,37,0,6,0,0,0,19,363,1234
153,154,Manipur,2005,2556253,1251889,1304365,70.51,80.04,60.9,1802414,1002012,794358,"22,327",705,2001,209,168,5,20,0,20,94,62,32,20,17,19,75,217,71,146,131,33,66,20,64,201,0,21,0,5,0,7,1097,2489
154,155,Mizoram,2005,953587,481491,472096,90.6,93.22,87.87,863950,448846,414831,"21,081",906,2001,31,15,5,52,0,52,2,1,1,3,0,23,417,878,17,861,3,23,71,12,24,94,0,52,0,16,3,23,499,2246
155,156,Tripura,2005,3415104,1685777,1729327,75.41,83.74,66.73,2575330,1411670,1153980,"10,491",754,2001,240,25,0,102,0,102,93,35,58,26,0,63,198,259,6,253,138,4,17,6,31,412,16,58,0,227,0,31,855,2801
156,157,Meghalaya,2005,2467894,1243415,1224479,64.82,67.98,61.63,1599689,845274,754646,"22,429",648,2001,164,47,2,26,0,26,55,11,44,97,3,125,170,271,16,255,8,19,29,3,26,102,0,25,0,4,0,0,511,1687
157,158,Assam,2005,28507723,14251285,14256439,65.81,73.94,57.16,18760933,10537400,8148981,"78,438",658,2001,1356,481,40,817,0,817,1480,1070,410,532,14,687,2423,5367,350,5017,2953,374,575,46,441,5805,59,850,4,1248,0,2010,9315,36877
158,159,West Bengal,2005,85850590,42593860,43256730,70.87,79.74,61.43,60842313,33964344,26572609,"88,752",709,2001,1594,449,581,709,0,709,875,695,180,274,421,660,426,14245,2562,11683,3095,486,1216,102,102,3658,265,954,48,3859,3,2281,25260,61563
159,160,Jharkhand,2005,28797763,14515718,14282045,55.42,69.83,40.17,15959720,10136326,5737097,"79,716",554,2001,1507,866,143,567,0,567,441,279,162,636,48,647,1266,3827,754,3073,2018,283,554,23,165,2254,217,297,5,484,2,420,8777,25447
160,161,Orissa,2005,39282781,141329665,-102046884,65.12,78.07,52.0,25580947,110336069,-53064380,155707,651,2001,987,1151,53,790,0,790,522,434,88,199,22,958,3093,5622,817,4805,1426,285,681,10,423,4367,294,1655,458,1266,0,1589,20810,46661
161,162,Chhatisgarh,2005,22255286,10945923,11309363,66.73,80.03,53.46,14850952,8760022,6045985,135192,667,2001,880,529,45,959,0,959,207,171,36,87,19,338,4144,4812,920,3892,871,154,402,8,215,5477,70,1763,161,840,0,689,15790,38460
162,163,Madhya Pradesh,2005,64622567,32090745,32531822,65.64,78.94,51.29,42418253,25332434,16685572,"308,252",656,2001,2425,2870,125,2851,0,2851,956,668,288,166,130,1764,13549,20263,4535,15728,3395,481,1413,19,1014,30895,609,7063,751,2562,0,3297,85143,181741
163,164,Gujarat,2005,54147572,27413727,26733844,71.64,82.74,59.78,38791321,22682118,15981492,"196,024",716,2001,1226,537,94,286,0,286,998,857,141,327,19,991,5142,15834,5504,10330,1930,1748,1779,55,449,13760,67,756,111,3667,0,2924,50719,103419
164,165,Daman & Diu,2005,169151,102717,66433,83.02,90.87,71.79,140429,93339,47692,112,830,2001,7,5,0,0,0,0,5,3,2,0,0,0,43,40,20,20,23,5,9,1,3,21,0,0,0,4,0,0,73,239
165,166,Dadra & Nagar Haveli,2005,235921,122953,112968,61.46,75.36,43.86,144997,92657,49548,491,615,2001,3,2,0,6,0,6,4,2,2,0,0,2,34,45,15,30,4,13,12,1,1,29,0,7,0,4,0,0,183,350
166,167,Maharashtra,2005,103541713,52026288,51515425,79.11,88.68,68.87,81911849,46136912,35478673,"307,713",791,2001,2839,1454,101,1302,0,1302,985,611,374,529,328,2239,15073,39866,8873,30993,6719,1542,4273,265,1208,30212,308,2823,1120,6090,1,8993,42963,171233
167,168,Andhra Pradesh,2005,81041625,39058309,41983316,62.57,72.83,52.2,50707745,28446166,21915291,"162,975",626,2001,2602,1555,136,871,0,871,1182,765,417,214,9,629,7220,16751,3051,13700,3001,788,5391,144,872,34947,420,3544,2271,5791,7,7400,34344,130089
168,169,Karnataka,2005,56434496,27671143,28763354,68.64,78.42,58.61,38736638,21699710,16858202,"191,791",686,2001,1626,1475,74,293,0,293,559,271,288,178,36,847,6394,12868,4016,8852,6686,494,2678,131,352,23285,220,1665,81,1755,0,100,47301,109098
169,170,Goa,2005,1438311,694712,743599,84.28,91.36,77.03,1212209,634689,572794,"3,702",843,2001,36,30,5,12,0,12,9,6,3,7,0,25,359,576,168,408,64,39,62,2,16,174,2,17,7,11,0,191,697,2341
170,171,Lakshadweep,2005,64847,31430,33417,89.6,95.75,83.2,58103,30094,27803,32,896,2001,1,0,0,0,0,0,0,0,0,0,0,0,1,10,0,10,1,1,0,0,2,3,0,0,0,0,0,0,17,36
171,172,Kerala,2005,34072854,15623932,18448922,93.08,96.83,89.63,31715013,15128653,16535769,"38,863",931,2001,472,615,111,562,0,562,183,97,86,176,13,517,4474,5441,1795,3646,8108,428,2756,239,768,19829,27,1942,81,2561,0,0,54544,103847
172,173,Tamil Nadu,2005,66469388,32217320,34252069,75.22,84.63,65.85,49998274,27265518,22554987,"130,058",752,2001,1662,2204,19,423,0,423,952,607,345,158,6,672,5965,16709,4478,12231,5196,360,2139,104,980,28429,191,1773,1012,815,14,8550,76468,154801
173,174,Pondicherry,2005,1042166,514741,527425,83.43,91.37,75.62,869479,470319,398839,479,834,2001,25,32,1,9,0,9,4,3,1,1,0,4,111,528,284,244,100,5,23,3,31,635,1,35,27,3,0,166,2324,4068
174,175,Andaman & Nicobar Islands*,2005,381265,194922,186343,83.11,88.47,76.81,316869,172447,143130,8249,831,2001,13,0,0,3,0,3,2,2,0,0,0,4,64,65,4,61,13,10,8,2,4,118,0,19,1,9,0,0,323,658
175,176,Jammu and Kashmir,2006,10942520,5615223,5327297,56.09,68.05,42.88,6137659,3821159,2284345,"42,241",561,2001,1075,1474,33,169,0,169,606,504,102,24,0,161,1345,1919,633,1286,1072,90,391,15,437,318,13,622,288,50,0,357,9046,19505
176,177,Himachal Pradesh,2006,6603868,3188422,3415446,79.43,89.03,69.8,5245452,2838652,2383981,"55,673",794,2001,119,75,11,124,0,124,126,105,21,4,0,28,844,600,142,458,628,69,146,2,134,1403,10,310,14,317,0,483,6052,11499
177,178,Punjab,2006,26394070,13396837,12997233,72.04,78.28,65.15,19014288,10487044,8467697,"50,362",720,2001,738,789,80,298,0,298,513,324,189,45,84,131,1902,3023,1204,1819,1,368,2621,58,63,3996,159,372,47,1128,0,2154,9204,27774
178,179,Chandigarh,2006,978982,531773,447209,84.2,88.65,78.59,824303,471417,351462,114,842,2001,15,10,6,18,0,18,56,50,6,5,0,22,364,1529,494,1035,91,26,155,2,5,95,3,24,15,36,0,6,914,3397
179,180,Uttaranchal,2006,9214353,4536581,4677773,74.44,86.95,61.78,6859164,3944557,2889928,20650,744,2001,316,279,38,74,0,74,183,126,57,32,3,191,533,1419,374,1045,440,171,318,4,30,830,56,103,84,301,0,441,2227,8073
180,181,Haryana,2006,22909923,12000083,10909840,70.64,82.02,57.73,16183570,9842468,6298251,"44,212",706,2001,781,467,78,398,0,398,449,297,152,77,141,397,3109,6117,3022,3095,750,556,1016,37,203,4744,285,478,401,1513,0,856,15906,38759
181,182,Delhi,2006,14977332,8020308,6957024,84.26,90.43,76.89,12619900,7252765,5349256,1484,843,2001,547,510,63,381,0,381,1627,964,663,48,74,624,3029,19276,7894,11382,165,479,2183,42,50,2011,113,502,90,138,0,432,22000,54384
182,183,Rajasthan,2006,61366767,31264497,30102270,62.85,79.13,45.46,38569013,24739596,13684492,"342,239",628,2001,1259,1923,63,1049,0,1049,2718,2165,553,60,40,889,7284,16939,4324,12615,11214,1026,6644,89,1092,27485,376,2878,56,5532,1,4221,62347,155185
183,184,Uttar Pradesh,2006,180442071,92658414,87783656,59.07,72.69,44.07,106587131,67353401,38686257,"240,928",591,2001,7601,7964,1186,1958,0,1958,4330,2879,1451,905,38,3825,8411,27011,6189,20822,7343,3430,5363,147,812,17816,2211,2870,2575,7365,0,7129,57839,178129
184,185,Bihar,2006,90060609,45919363,44141246,48.95,62.43,34.42,44084668,28667458,15193417,"94,163",489,2001,3643,3419,250,888,0,888,2159,518,1641,1291,147,2203,3233,9701,1050,8651,8606,946,1659,85,502,7544,859,562,21,1558,83,2406,36667,88432
185,186,Sikkim,2006,587329,297855,289475,71.76,79.41,63.01,421467,236527,182398,"7,096",718,2001,19,11,7,8,0,8,6,2,4,0,0,3,76,74,6,68,3,1,13,0,1,35,0,0,14,0,0,7,166,444
186,187,Arunachal Pradesh,2006,1185667,608021,577646,56.37,66.31,45.36,668360,403179,262020,"83,743",564,2001,83,53,3,33,0,33,83,55,28,22,2,84,248,443,36,407,24,41,30,4,13,466,0,78,3,11,0,0,618,2342
187,188,Nagaland,2006,2160960,1054772,1106188,69.11,74.28,63.48,1493439,783485,702208,"16,579",691,2001,101,39,9,17,0,17,23,6,17,11,0,129,163,258,89,169,2,20,34,2,1,37,0,6,0,0,0,19,363,1234
188,189,Manipur,2006,2595620,1263281,1332339,70.93,80.59,61.21,1841073,1018078,815525,"22,327",709,2001,209,168,5,20,0,20,94,62,32,20,17,19,75,217,71,146,131,33,66,20,64,201,0,21,0,5,0,7,1097,2489
189,190,Mizoram,2006,968272,487076,481196,91.13,93.86,88.3,882386,457170,424896,"21,081",911,2001,31,15,5,52,0,52,2,1,1,3,0,23,417,878,17,861,3,23,71,12,24,94,0,52,0,16,3,23,499,2246
190,191,Tripura,2006,3467697,1698420,1769276,75.86,84.32,67.06,2630595,1432108,1186476,"10,491",759,2001,240,25,0,102,0,102,93,35,58,26,0,63,198,259,6,253,138,4,17,6,31,412,16,58,0,227,0,31,855,2801
191,192,Meghalaya,2006,2505900,1263061,1242839,65.2,68.45,61.94,1633847,864565,769814,"22,429",652,2001,164,47,2,26,0,26,55,11,44,97,3,125,170,271,16,255,8,19,29,3,26,102,0,25,0,4,0,0,511,1687
192,193,Assam,2006,28946742,14369570,14577172,66.2,74.45,57.44,19162743,10698145,8373128,"78,438",662,2001,1356,481,40,817,0,817,1480,1070,410,532,14,687,2423,5367,350,5017,2953,374,575,46,441,5805,59,850,4,1248,0,2010,9315,36877
193,194,West Bengal,2006,87172689,42874980,44297709,71.29,80.29,61.74,62145410,34424321,27349406,"88,752",713,2001,1594,449,581,709,0,709,875,695,180,274,421,660,426,14245,2562,11683,3095,486,1216,102,102,3658,265,954,48,3859,3,2281,25260,61563
194,195,Jharkhand,2006,29241248,14684100,14557148,55.75,70.32,40.37,16301996,10325859,5876721,"79,716",558,2001,1507,866,143,567,0,567,441,279,162,636,48,647,1266,3827,754,3073,2018,283,554,23,165,2254,217,297,5,484,2,420,8777,25447
195,196,Orissa,2006,39887736,234607244,-194719508,65.51,78.61,52.26,26130456,184424755,-101760415,155707,655,2001,987,1151,53,790,0,790,522,434,88,199,22,958,3093,5622,817,4805,1426,285,681,10,423,4367,294,1655,458,1266,0,1589,20810,46661
196,197,Chhatisgarh,2006,22598017,11072896,11525122,67.13,80.58,53.72,15170049,8922540,6191296,135192,671,2001,880,529,45,959,0,959,207,171,36,87,19,338,4144,4812,920,3892,871,154,402,8,215,5477,70,1763,161,840,0,689,15790,38460
197,198,Madhya Pradesh,2006,65617754,32251198,33366556,66.02,79.49,51.55,43320841,25636477,17200460,"308,252",660,2001,2425,2870,125,2851,0,2851,956,668,288,166,130,1764,13549,20263,4535,15728,3395,481,1413,19,1014,30895,609,7063,751,2562,0,3297,85143,181741
198,199,Gujarat,2006,54981444,27687864,27293580,72.06,83.32,60.08,39619629,23069528,16397983,"196,024",721,2001,1226,537,94,286,0,286,998,857,141,327,19,991,5142,15834,5504,10330,1930,1748,1779,55,449,13760,67,756,111,3667,0,2924,50719,103419
199,200,Daman & Diu,2006,171756,105450,66306,83.51,91.49,72.15,143433,96476,47840,112,835,2001,7,5,0,0,0,0,5,3,2,0,0,0,43,40,20,20,23,5,9,1,3,21,0,0,0,4,0,0,73,239
200,201,Dadra & Nagar Haveli,2006,239554,123260,116294,61.82,75.88,44.08,148092,93530,51262,491,618,2001,3,2,0,6,0,6,4,2,2,0,0,2,34,45,15,30,4,13,12,1,1,29,0,7,0,4,0,0,183,350
201,202,Maharashtra,2006,105136255,52458106,52678149,79.58,89.29,69.21,83667432,46839843,36458547,"307,713",796,2001,2839,1454,101,1302,0,1302,985,611,374,529,328,2239,15073,39866,8873,30993,6719,1542,4273,265,1208,30212,308,2823,1120,6090,1,8993,42963,171233
202,203,Andhra Pradesh,2006,82289666,39253601,43036065,62.93,73.33,52.46,51784887,28784666,22576720,"162,975",629,2001,2602,1555,136,871,0,871,1182,765,417,214,9,629,7220,16751,3051,13700,3001,788,5391,144,872,34947,420,3544,2271,5791,7,7400,34344,130089
203,204,Karnataka,2006,57303588,27878676,29424911,69.04,78.96,58.9,39562397,22013003,17331273,"191,791",690,2001,1626,1475,74,293,0,293,559,271,288,178,36,847,6394,12868,4016,8852,6686,494,2678,131,352,23285,220,1665,81,1755,0,100,47301,109098
204,205,Goa,2006,1460461,697005,763457,84.78,91.99,77.42,1238179,641175,591068,"3,702",848,2001,36,30,5,12,0,12,9,6,3,7,0,25,359,576,168,408,64,39,62,2,16,174,2,17,7,11,0,191,697,2341
205,206,Lakshadweep,2006,65846,31509,34337,90.13,96.41,83.62,59347,30378,28713,32,901,2001,1,0,0,0,0,0,0,0,0,0,0,0,1,10,0,10,1,1,0,0,2,3,0,0,0,0,0,0,17,36
206,207,Kerala,2006,34597576,15662992,18934584,93.63,97.5,90.08,32393710,15271417,17056273,"38,863",936,2001,472,615,111,562,0,562,183,97,86,176,13,517,4474,5441,1795,3646,8108,428,2756,239,768,19829,27,1942,81,2561,0,0,54544,103847
207,208,Tamil Nadu,2006,67493017,32458950,35034067,75.66,85.21,66.18,51065217,27658271,23185546,"130,058",757,2001,1662,2204,19,423,0,423,952,607,345,158,6,672,5965,16709,4478,12231,5196,360,2139,104,980,28429,191,1773,1012,815,14,8550,76468,154801
208,209,Pondicherry,2006,1058216,521999,536217,83.92,92.0,76.0,888055,480239,407525,479,839,2001,25,32,1,9,0,9,4,3,1,1,0,4,111,528,284,244,100,5,23,3,31,635,1,35,27,3,0,166,2324,4068
209,210,Andaman & Nicobar Islands*,2006,387137,195409,191728,83.6,89.08,77.19,323647,174070,147995,8249,836,2001,13,0,0,3,0,3,2,2,0,0,0,4,64,65,4,61,13,10,8,2,4,118,0,19,1,9,0,0,323,658
210,211,Jammu and Kashmir,2007,11104469,5680360,5424109,56.42,68.52,43.09,6265141,3892183,2337249,"42,241",564,2001,1075,1474,33,169,0,169,606,504,102,24,0,161,1345,1919,633,1286,1072,90,391,15,437,318,13,622,288,50,0,357,9046,19505
211,212,Himachal Pradesh,2007,6701606,3209466,3492140,79.9,89.64,70.15,5354583,2876965,2449736,"55,673",799,2001,119,75,11,124,0,124,126,105,21,4,0,28,844,600,142,458,628,69,146,2,134,1403,10,310,14,317,0,483,6052,11499
212,213,Punjab,2007,26784703,13485256,13299446,72.46,78.82,65.48,19408196,10629079,8708477,"50,362",725,2001,738,789,80,298,0,298,513,324,189,45,84,131,1902,3023,1204,1819,1,368,2621,58,63,3996,159,372,47,1128,0,2154,9204,27774
213,214,Chandigarh,2007,993471,536612,456859,84.7,89.26,78.98,841470,478980,360827,114,847,2001,15,10,6,18,0,18,56,50,6,5,0,22,364,1529,494,1035,91,26,155,2,5,95,3,24,15,36,0,6,914,3397
214,215,Uttaranchal,2007,9350726,4581947,4768779,74.88,87.55,62.09,7001824,4011495,2960935,20650,749,2001,316,279,38,74,0,74,183,126,57,32,3,191,533,1419,374,1045,440,171,318,4,30,830,56,103,84,301,0,441,2227,8073
215,216,Haryana,2007,23248990,12139283,11109706,71.05,82.59,58.02,16518407,10025834,6445851,"44,212",710,2001,781,467,78,398,0,398,449,297,152,77,141,397,3109,6117,3022,3095,750,556,1016,37,203,4744,285,478,401,1513,0,856,15906,38759
216,217,Delhi,2007,15198996,8113343,7085653,84.76,91.05,77.28,12882669,7387199,5475793,1484,848,2001,547,510,63,381,0,381,1627,964,663,48,74,624,3029,19276,7894,11382,165,479,2183,42,50,2011,113,502,90,138,0,432,22000,54384
217,218,Rajasthan,2007,62274995,31655303,30619692,63.22,79.68,45.69,39370252,25222945,13990137,"342,239",632,2001,1259,1923,63,1049,0,1049,2718,2165,553,60,40,889,7284,16939,4324,12615,11214,1026,6644,89,1092,27485,376,2878,56,5532,1,4221,62347,155185
218,219,Uttar Pradesh,2007,183112613,93733252,89379361,59.42,73.19,44.29,108805515,68603367,39586119,"240,928",594,2001,7601,7964,1186,1958,0,1958,4330,2879,1451,905,38,3825,8411,27011,6189,20822,7343,3430,5363,147,812,17816,2211,2870,2575,7365,0,7129,57839,178129
219,220,Bihar,2007,91393506,46493355,44900151,49.24,62.86,34.59,45002162,29225723,15530962,"94,163",492,2001,3643,3419,250,888,0,888,2159,518,1641,1291,147,2203,3233,9701,1050,8651,8606,946,1659,85,502,7544,859,562,21,1558,83,2406,36667,88432
220,221,Sikkim,2007,596022,299820,296201,72.18,79.96,63.33,430209,239736,187584,"7,096",722,2001,19,11,7,8,0,8,6,2,4,0,0,3,76,74,6,68,3,1,13,0,1,35,0,0,14,0,0,7,166,444
221,222,Arunachal Pradesh,2007,1203215,615075,588140,56.71,66.77,45.58,682343,410686,268074,"83,743",567,2001,83,53,3,33,0,33,83,55,28,22,2,84,248,443,36,407,24,41,30,4,13,466,0,78,3,11,0,0,618,2342
222,223,Nagaland,2007,2192942,1057409,1135533,69.52,74.79,63.8,1524533,790836,724470,"16,579",695,2001,101,39,9,17,0,17,23,6,17,11,0,129,163,258,89,169,2,20,34,2,1,37,0,6,0,0,0,19,363,1234
223,224,Manipur,2007,2634035,1274777,1359258,71.34,81.15,61.51,1879121,1034482,836080,"22,327",713,2001,209,168,5,20,0,20,94,62,32,20,17,19,75,217,71,146,131,33,66,20,64,201,0,21,0,5,0,7,1097,2489
224,225,Mizoram,2007,982603,492726,489876,91.67,94.51,88.75,900752,465675,434765,"21,081",917,2001,31,15,5,52,0,52,2,1,1,3,0,23,417,878,17,861,3,23,71,12,24,94,0,52,0,16,3,23,499,2246
225,226,Tripura,2007,3519019,1711159,1807860,76.31,84.9,67.4,2685363,1452774,1218498,"10,491",763,2001,240,25,0,102,0,102,93,35,58,26,0,63,198,259,6,253,138,4,17,6,31,412,16,58,0,227,0,31,855,2801
226,227,Meghalaya,2007,2542987,1283018,1259970,65.58,68.93,62.25,1667691,884384,784331,"22,429",656,2001,164,47,2,26,0,26,55,11,44,97,3,125,170,271,16,255,8,19,29,3,26,102,0,25,0,4,0,0,511,1687
227,228,Assam,2007,29375154,14488838,14886316,66.59,74.96,57.73,19560915,10860833,8593870,"78,438",666,2001,1356,481,40,817,0,817,1480,1070,410,532,14,687,2423,5367,350,5017,2953,374,575,46,441,5805,59,850,4,1248,0,2010,9315,36877
228,229,West Bengal,2007,88462845,43157954,45304890,71.71,80.85,62.05,63436706,34893206,28111684,"88,752",717,2001,1594,449,581,709,0,709,875,695,180,274,421,660,426,14245,2562,11683,3095,486,1216,102,102,3658,265,954,48,3859,3,2281,25260,61563
229,230,Jharkhand,2007,29674019,14854436,14819583,56.07,70.8,40.58,16638222,10516941,6013787,"79,716",561,2001,1507,866,143,567,0,567,441,279,162,636,48,647,1266,3827,754,3073,2018,283,554,23,165,2254,217,297,5,484,2,420,8777,25447
230,231,Orissa,2007,40478075,389448025,-348969950,65.9,79.15,52.52,26675051,308248112,-183279018,155707,659,2001,987,1151,53,790,0,790,522,434,88,199,22,958,3093,5622,817,4805,1426,285,681,10,423,4367,294,1655,458,1266,0,1589,20810,46661
231,232,Chhatisgarh,2007,22932468,11201341,11731127,67.52,81.14,53.99,15484002,9088768,6333635,135192,675,2001,880,529,45,959,0,959,207,171,36,87,19,338,4144,4812,920,3892,871,154,402,8,215,5477,70,1763,161,840,0,689,15790,38460
232,233,Madhya Pradesh,2007,66588897,32412454,34176443,66.41,80.03,51.81,44221686,25939687,17706815,"308,252",664,2001,2425,2870,125,2851,0,2851,956,668,288,166,130,1764,13549,20263,4535,15728,3395,481,1413,19,1014,30895,609,7063,751,2562,0,3297,85143,181741
233,234,Gujarat,2007,55795170,27964743,27830426,72.48,83.89,60.38,40440339,23459623,16804011,"196,024",725,2001,1226,537,94,286,0,286,998,857,141,327,19,991,5142,15834,5504,10330,1930,1748,1779,55,449,13760,67,756,111,3667,0,2924,50719,103419
234,235,Daman & Diu,2007,174297,108255,66043,84.0,92.12,72.51,146409,99725,47888,112,840,2001,7,5,0,0,0,0,5,3,2,0,0,0,43,40,20,20,23,5,9,1,3,21,0,0,0,4,0,0,73,239
235,236,Dadra & Nagar Haveli,2007,243099,123568,119531,62.19,76.41,44.3,151183,94418,52952,491,622,2001,3,2,0,6,0,6,4,2,2,0,0,2,34,45,15,30,4,13,12,1,1,29,0,7,0,4,0,0,183,350
236,237,Maharashtra,2007,106692272,52893509,53798763,80.05,89.9,69.56,85407164,47551265,37422420,"307,713",801,2001,2839,1454,101,1302,0,1302,985,611,374,529,328,2239,15073,39866,8873,30993,6719,1542,4273,265,1208,30212,308,2823,1120,6090,1,8993,42963,171233
237,238,Andhra Pradesh,2007,83507553,39449869,44057684,63.31,73.83,52.72,52868632,29125838,23227211,"162,975",633,2001,2602,1555,136,871,0,871,1182,765,417,214,9,629,7220,16751,3051,13700,3001,788,5391,144,872,34947,420,3544,2271,5791,7,7400,34344,130089
238,239,Karnataka,2007,58151681,28087766,30063914,69.45,79.5,59.2,40386342,22329774,17797837,"191,791",694,2001,1626,1475,74,293,0,293,559,271,288,178,36,847,6394,12868,4016,8852,6686,494,2678,131,352,23285,220,1665,81,1755,0,100,47301,109098
239,240,Goa,2007,1482076,699305,782771,85.28,92.62,77.8,1263914,647696,608996,"3,702",853,2001,36,30,5,12,0,12,9,6,3,7,0,25,359,576,168,408,64,39,62,2,16,174,2,17,7,11,0,191,697,2341
240,241,Lakshadweep,2007,66820,31588,35233,90.66,97.07,84.04,60579,30662,29610,32,907,2001,1,0,0,0,0,0,0,0,0,0,0,0,1,10,0,10,1,1,0,0,2,3,0,0,0,0,0,0,17,36
241,242,Kerala,2007,35109620,15702149,19407471,94.19,98.17,90.53,33069751,15414800,17569583,"38,863",942,2001,472,615,111,562,0,562,183,97,86,176,13,517,4474,5441,1795,3646,8108,428,2756,239,768,19829,27,1942,81,2561,0,0,54544,103847
242,243,Tamil Nadu,2007,68491913,32702392,35789522,76.11,85.8,66.51,52129195,28058652,23803611,"130,058",761,2001,1662,2204,19,423,0,423,952,607,345,158,6,672,5965,16709,4478,12231,5196,360,2139,104,980,28429,191,1773,1012,815,14,8550,76468,154801
243,244,Pondicherry,2007,1073877,529359,544518,84.42,92.63,76.38,906567,490345,415903,479,844,2001,25,32,1,9,0,9,4,3,1,1,0,4,111,528,284,244,100,5,23,3,31,635,1,35,27,3,0,166,2324,4068
244,245,Andaman & Nicobar Islands*,2007,392867,195898,196969,84.1,89.7,77.58,330401,175721,152809,8249,841,2001,13,0,0,3,0,3,2,2,0,0,0,4,64,65,4,61,13,10,8,2,4,118,0,19,1,9,0,0,323,658
245,246,Jammu and Kashmir,2008,11263263,5746252,5517011,56.75,68.99,43.31,6391902,3964339,2389417,"42,241",568,2001,1075,1474,33,169,0,169,606,504,102,24,0,161,1345,1919,633,1286,1072,90,391,15,437,318,13,622,288,50,0,357,9046,19505
246,247,Himachal Pradesh,2008,6797439,3230648,3566790,80.37,90.26,70.5,5463102,2915983,2514587,"55,673",804,2001,119,75,11,124,0,124,126,105,21,4,0,28,844,600,142,458,628,69,146,2,134,1403,10,310,14,317,0,483,6052,11499
247,248,Punjab,2008,27167724,13574259,13593465,72.89,79.36,65.81,19802554,10772532,8945859,"50,362",729,2001,738,789,80,298,0,298,513,324,189,45,84,131,1902,3023,1204,1819,1,368,2621,58,63,3996,159,372,47,1128,0,2154,9204,27774
248,249,Chandigarh,2008,1007678,541495,466183,85.2,89.87,79.37,858542,486642,370009,114,852,2001,15,10,6,18,0,18,56,50,6,5,0,22,364,1529,494,1035,91,26,155,2,5,95,3,24,15,36,0,6,914,3397
249,250,Uttaranchal,2008,9484441,4627766,4856675,75.32,88.15,62.4,7143681,4079376,3030565,20650,753,2001,316,279,38,74,0,74,183,126,57,32,3,191,533,1419,374,1045,440,171,318,4,30,830,56,103,84,301,0,441,2227,8073
250,251,Haryana,2008,23581450,12280099,11301351,71.47,83.16,58.31,16853662,10212130,6589818,"44,212",715,2001,781,467,78,398,0,398,449,297,152,77,141,397,3109,6117,3022,3095,750,556,1016,37,203,4744,285,478,401,1513,0,856,15906,38759
251,252,Delhi,2008,15416342,8207458,7208884,85.26,91.68,77.66,13143973,7524597,5598419,1484,853,2001,547,510,63,381,0,381,1627,964,663,48,74,624,3029,19276,7894,11382,165,479,2183,42,50,2011,113,502,90,138,0,432,22000,54384
252,253,Rajasthan,2008,63165527,32050994,31114533,63.6,80.23,45.92,40173275,25714512,14287794,"342,239",636,2001,1259,1923,63,1049,0,1049,2718,2165,553,60,40,889,7284,16939,4324,12615,11214,1026,6644,89,1092,27485,376,2878,56,5532,1,4221,62347,155185
253,254,Uttar Pradesh,2008,185731124,94820558,90910566,59.77,73.69,44.51,111011493,69873269,40464293,"240,928",598,2001,7601,7964,1186,1958,0,1958,4330,2879,1451,905,38,3825,8411,27011,6189,20822,7343,3430,5363,147,812,17816,2211,2870,2575,7365,0,7129,57839,178129
254,255,Bihar,2008,92700433,47074522,45625911,49.53,63.29,34.76,45914524,29793465,15859567,"94,163",495,2001,3643,3419,250,888,0,888,2159,518,1641,1291,147,2203,3233,9701,1050,8651,8606,946,1659,85,502,7544,859,562,21,1558,83,2406,36667,88432
255,256,Sikkim,2008,604545,301799,302745,72.61,80.51,63.64,438960,242978,192667,"7,096",726,2001,19,11,7,8,0,8,6,2,4,0,0,3,76,74,6,68,3,1,13,0,1,35,0,0,14,0,0,7,166,444
256,257,Arunachal Pradesh,2008,1220421,622209,598212,57.04,67.23,45.81,696128,418311,274041,"83,743",570,2001,83,53,3,33,0,33,83,55,28,22,2,84,248,443,36,407,24,41,30,4,13,466,0,78,3,11,0,0,618,2342
257,258,Nagaland,2008,2224301,1060053,1164249,69.93,75.31,64.12,1555454,798326,746516,"16,579",699,2001,101,39,9,17,0,17,23,6,17,11,0,129,163,258,89,169,2,20,34,2,1,37,0,6,0,0,0,19,363,1234
258,259,Manipur,2008,2671702,1286377,1385324,71.77,81.71,61.82,1917481,1051099,856407,"22,327",718,2001,209,168,5,20,0,20,94,62,32,20,17,19,75,217,71,146,131,33,66,20,64,201,0,21,0,5,0,7,1097,2489
259,260,Mizoram,2008,996654,498442,498212,92.21,95.16,89.19,919015,474317,444355,"21,081",922,2001,31,15,5,52,0,52,2,1,1,3,0,23,417,878,17,861,3,23,71,12,24,94,0,52,0,16,3,23,499,2246
260,261,Tripura,2008,3569341,1723992,1845348,76.76,85.49,67.73,2739826,1473841,1249854,"10,491",768,2001,240,25,0,102,0,102,93,35,58,26,0,63,198,259,6,253,138,4,17,6,31,412,16,58,0,227,0,31,855,2801
261,262,Meghalaya,2008,2579352,1303289,1276063,65.97,69.4,62.56,1701599,904483,798305,"22,429",660,2001,164,47,2,26,0,26,55,11,44,97,3,125,170,271,16,255,8,19,29,3,26,102,0,25,0,4,0,0,511,1687
262,263,Assam,2008,29795219,14609095,15186124,66.98,75.48,58.02,19956838,11026945,8810989,"78,438",670,2001,1356,481,40,817,0,817,1480,1070,410,532,14,687,2423,5367,350,5017,2953,374,575,46,441,5805,59,850,4,1248,0,2010,9315,36877
263,264,West Bengal,2008,89727863,43442797,46285066,72.13,81.41,62.36,64720708,35366781,28863367,"88,752",721,2001,1594,449,581,709,0,709,875,695,180,274,421,660,426,14245,2562,11683,3095,486,1216,102,102,3658,265,954,48,3859,3,2281,25260,61563
264,265,Jharkhand,2008,30098357,15026747,15071610,56.41,71.29,40.78,16978483,10712568,6146203,"79,716",564,2001,1507,866,143,567,0,567,441,279,162,636,48,647,1266,3827,754,3073,2018,283,554,23,165,2254,217,297,5,484,2,420,8777,25447
265,266,Orissa,2008,41056911,646483721,-605426810,66.28,79.7,52.78,27212521,515247526,-319544270,155707,663,2001,987,1151,53,790,0,790,522,434,88,199,22,958,3093,5622,817,4805,1426,285,681,10,423,4367,294,1655,458,1266,0,1589,20810,46661
266,267,Chhatisgarh,2008,23260402,11331277,11929125,67.92,81.7,54.26,15798465,9257653,6472743,135192,679,2001,880,529,45,959,0,959,207,171,36,87,19,338,4144,4812,920,3892,871,154,402,8,215,5477,70,1763,161,840,0,689,15790,38460
267,268,Madhya Pradesh,2008,67541118,32574517,34966602,66.81,80.59,52.07,45124221,26251803,18207110,"308,252",668,2001,2425,2870,125,2851,0,2851,956,668,288,166,130,1764,13549,20263,4535,15728,3395,481,1413,19,1014,30895,609,7063,751,2562,0,3297,85143,181741
268,269,Gujarat,2008,56593041,28244391,28348650,72.91,84.47,60.68,41261986,23858037,17201961,"196,024",729,2001,1226,537,94,286,0,286,998,857,141,327,19,991,5142,15834,5504,10330,1930,1748,1779,55,449,13760,67,756,111,3667,0,2924,50719,103419
269,270,Daman & Diu,2008,176790,111134,65656,84.5,92.76,72.87,149388,103088,47844,112,845,2001,7,5,0,0,0,0,5,3,2,0,0,0,43,40,20,20,23,5,9,1,3,21,0,0,0,4,0,0,73,239
270,271,Dadra & Nagar Haveli,2008,246576,123877,122698,62.55,76.94,44.52,154233,95311,54625,491,625,2001,3,2,0,6,0,6,4,2,2,0,0,2,34,45,15,30,4,13,12,1,1,29,0,7,0,4,0,0,183,350
271,272,Maharashtra,2008,108217971,53332525,54885447,80.52,90.52,69.91,87137110,48276602,38370416,"307,713",805,2001,2839,1454,101,1302,0,1302,985,611,374,529,328,2239,15073,39866,8873,30993,6719,1542,4273,265,1208,30212,308,2823,1120,6090,1,8993,42963,171233
272,273,Andhra Pradesh,2008,84701711,39647118,45054593,63.68,74.34,52.99,53938050,29473668,23874429,"162,975",637,2001,2602,1555,136,871,0,871,1182,765,417,214,9,629,7220,16751,3051,13700,3001,788,5391,144,872,34947,420,3544,2271,5791,7,7400,34344,130089
273,274,Karnataka,2008,58983250,28298425,30684825,69.86,80.05,59.49,41205698,22652889,18254402,"191,791",699,2001,1626,1475,74,293,0,293,559,271,288,178,36,847,6394,12868,4016,8852,6686,494,2678,131,352,23285,220,1665,81,1755,0,100,47301,109098
274,275,Goa,2008,1503270,701612,801657,85.78,93.26,78.19,1289505,654323,626816,"3,702",858,2001,36,30,5,12,0,12,9,6,3,7,0,25,359,576,168,408,64,39,62,2,16,174,2,17,7,11,0,191,697,2341
275,276,Lakshadweep,2008,67776,31667,36109,91.2,97.74,84.46,61812,30951,30498,32,912,2001,1,0,0,0,0,0,0,0,0,0,0,0,1,10,0,10,1,1,0,0,2,3,0,0,0,0,0,0,17,36
276,277,Kerala,2008,35611687,15741404,19870283,94.74,98.85,90.98,33738512,15560378,18077983,"38,863",947,2001,472,615,111,562,0,562,183,97,86,176,13,517,4474,5441,1795,3646,8108,428,2756,239,768,19829,27,1942,81,2561,0,0,54544,103847
277,278,Tamil Nadu,2008,69471348,32947660,36523688,76.56,86.39,66.84,53187264,28463483,24412433,"130,058",766,2001,1662,2204,19,423,0,423,952,607,345,158,6,672,5965,16709,4478,12231,5196,360,2139,104,980,28429,191,1773,1012,815,14,8550,76468,154801
278,279,Pondicherry,2008,1089234,536823,552410,84.92,93.27,76.76,924978,500695,424030,479,849,2001,25,32,1,9,0,9,4,3,1,1,0,4,111,528,284,244,100,5,23,3,31,635,1,35,27,3,0,166,2324,4068
279,280,Andaman & Nicobar Islands*,2008,398485,196388,202097,84.59,90.31,77.97,337078,177358,157575,8249,846,2001,13,0,0,3,0,3,2,2,0,0,0,4,64,65,4,61,13,10,8,2,4,118,0,19,1,9,0,0,323,658
280,281,Jammu and Kashmir,2009,11420949,5812908,5608040,57.08,69.47,43.52,6519078,4038227,2440619,"42,241",571,2001,1075,1474,33,169,0,169,606,504,102,24,0,161,1345,1919,633,1286,1072,90,391,15,437,318,13,622,288,50,0,357,9046,19505
281,282,Himachal Pradesh,2009,6892603,3251971,3640632,80.85,90.88,70.85,5572670,2955391,2579388,"55,673",809,2001,119,75,11,124,0,124,126,105,21,4,0,28,844,600,142,458,628,69,146,2,134,1403,10,310,14,317,0,483,6052,11499
282,283,Punjab,2009,27548072,13663849,13884223,73.32,79.91,66.14,20198246,10918782,9183025,"50,362",733,2001,738,789,80,298,0,298,513,324,189,45,84,131,1902,3023,1204,1819,1,368,2621,58,63,3996,159,372,47,1128,0,2154,9204,27774
283,284,Chandigarh,2009,1021785,546423,475362,85.7,90.49,79.77,875670,494458,379196,114,857,2001,15,10,6,18,0,18,56,50,6,5,0,22,364,1529,494,1035,91,26,155,2,5,95,3,24,15,36,0,6,914,3397
284,285,Uttaranchal,2009,9617223,4674044,4943180,75.76,88.76,62.71,7286008,4148681,3099868,20650,758,2001,316,279,38,74,0,74,183,126,57,32,3,191,533,1419,374,1045,440,171,318,4,30,830,56,103,84,301,0,441,2227,8073
285,286,Haryana,2009,23911591,12422548,11489042,71.9,83.73,58.6,17192434,10401399,6732579,"44,212",719,2001,781,467,78,398,0,398,449,297,152,77,141,397,3109,6117,3022,3095,750,556,1016,37,203,4744,285,478,401,1513,0,856,15906,38759
286,287,Delhi,2009,15632171,8302665,7329506,85.76,92.31,78.05,13406150,7664190,5720679,1484,858,2001,547,510,63,381,0,381,1627,964,663,48,74,624,3029,19276,7894,11382,165,479,2183,42,50,2011,113,502,90,138,0,432,22000,54384
287,288,Rajasthan,2009,64049845,32451632,31598213,63.97,80.78,46.14,40972686,26214428,14579415,"342,239",640,2001,1259,1923,63,1049,0,1049,2718,2165,553,60,40,889,7284,16939,4324,12615,11214,1026,6644,89,1092,27485,376,2878,56,5532,1,4221,62347,155185
288,289,Uttar Pradesh,2009,188331359,95920476,92410883,60.12,74.2,44.73,113224813,71172993,41335388,"240,928",601,2001,7601,7964,1186,1958,0,1958,4330,2879,1451,905,38,3825,8411,27011,6189,20822,7343,3430,5363,147,812,17816,2211,2870,2575,7365,0,7129,57839,178129
289,290,Bihar,2009,93998239,47662953,46335285,49.82,63.73,34.94,46829923,30375600,16189549,"94,163",498,2001,3643,3419,250,888,0,888,2159,518,1641,1291,147,2203,3233,9701,1050,8651,8606,946,1659,85,502,7544,859,562,21,1558,83,2406,36667,88432
290,291,Sikkim,2009,613008,303791,309217,73.04,81.07,63.96,447741,246283,197775,"7,096",730,2001,19,11,7,8,0,8,6,2,4,0,0,3,76,74,6,68,3,1,13,0,1,35,0,0,14,0,0,7,166,444
291,292,Arunachal Pradesh,2009,1237507,629427,608080,57.38,67.69,46.04,710082,426059,279960,"83,743",574,2001,83,53,3,33,0,33,83,55,28,22,2,84,248,443,36,407,24,41,30,4,13,466,0,78,3,11,0,0,618,2342
292,293,Nagaland,2009,2255442,1062703,1192739,70.34,75.83,64.44,1586478,805848,768601,"16,579",703,2001,101,39,9,17,0,17,23,6,17,11,0,129,163,258,89,169,2,20,34,2,1,37,0,6,0,0,0,19,363,1234
293,294,Manipur,2009,2709105,1298083,1411022,72.19,82.27,62.13,1955703,1067933,876668,"22,327",722,2001,209,168,5,20,0,20,94,62,32,20,17,19,75,217,71,146,131,33,66,20,64,201,0,21,0,5,0,7,1097,2489
294,295,Mizoram,2009,1010607,504224,506383,92.75,95.82,89.64,937338,483147,453922,"21,081",928,2001,31,15,5,52,0,52,2,1,1,3,0,23,417,878,17,861,3,23,71,12,24,94,0,52,0,16,3,23,499,2246
295,296,Tripura,2009,3619311,1736922,1882389,77.21,86.08,68.07,2794470,1495142,1281342,"10,491",772,2001,240,25,0,102,0,102,93,35,58,26,0,63,198,259,6,253,138,4,17,6,31,412,16,58,0,227,0,31,855,2801
296,297,Meghalaya,2009,2615463,1323881,1291582,66.36,69.88,62.87,1735621,925128,812018,"22,429",664,2001,164,47,2,26,0,26,55,11,44,97,3,125,170,271,16,255,8,19,29,3,26,102,0,25,0,4,0,0,511,1687
297,298,Assam,2009,30212352,14730351,15482001,67.38,76.0,58.31,20357083,11195067,9027555,"78,438",674,2001,1356,481,40,817,0,817,1480,1070,410,532,14,687,2423,5367,350,5017,2953,374,575,46,441,5805,59,850,4,1248,0,2010,9315,36877
298,299,West Bengal,2009,90984053,43729519,47254534,72.56,81.97,62.67,66018029,35845087,29614416,"88,752",726,2001,1594,449,581,709,0,709,875,695,180,274,421,660,426,14245,2562,11683,3095,486,1216,102,102,3658,265,954,48,3859,3,2281,25260,61563
299,300,Jharkhand,2009,30519734,15201058,15318677,56.74,71.78,40.98,17316897,10911319,6277594,"79,716",567,2001,1507,866,143,567,0,567,441,279,162,636,48,647,1266,3827,754,3073,2018,283,554,23,165,2254,217,297,5,484,2,420,8777,25447
300,301,Orissa,2009,41631708,1073162977,-1031531269,66.68,80.25,53.04,27760023,861213289,-547124185,155707,667,2001,987,1151,53,790,0,790,522,434,88,199,22,958,3093,5622,817,4805,1426,285,681,10,423,4367,294,1655,458,1266,0,1589,20810,46661
301,302,Chhatisgarh,2009,23586048,11462720,12123328,68.32,82.26,54.53,16113988,9429233,6610851,135192,683,2001,880,529,45,959,0,959,207,171,36,87,19,338,4144,4812,920,3892,871,154,402,8,215,5477,70,1763,161,840,0,689,15790,38460
302,303,Madhya Pradesh,2009,68486694,32737389,35749305,67.2,81.14,52.33,46023058,26563117,18707611,"308,252",672,2001,2425,2870,125,2851,0,2851,956,668,288,166,130,1764,13549,20263,4535,15728,3395,481,1413,19,1014,30895,609,7063,751,2562,0,3297,85143,181741
303,304,Gujarat,2009,57385343,28526834,28858509,73.34,85.05,60.99,42086411,24262072,17600805,"196,024",733,2001,1226,537,94,286,0,286,998,857,141,327,19,991,5142,15834,5504,10330,1930,1748,1779,55,449,13760,67,756,111,3667,0,2924,50719,103419
304,305,Daman & Diu,2009,179265,114090,65175,85.0,93.4,73.23,152375,106560,47728,112,850,2001,7,5,0,0,0,0,5,3,2,0,0,0,43,40,20,20,23,5,9,1,3,21,0,0,0,4,0,0,73,239
305,306,Dadra & Nagar Haveli,2009,250028,124187,125841,62.92,77.47,44.74,157318,96208,56301,491,629,2001,3,2,0,6,0,6,4,2,2,0,0,2,34,45,15,30,4,13,12,1,1,29,0,7,0,4,0,0,183,350
306,307,Maharashtra,2009,109733023,53775185,55957838,80.99,91.15,70.26,88872775,49016081,39315977,"307,713",810,2001,2839,1454,101,1302,0,1302,985,611,374,529,328,2239,15073,39866,8873,30993,6719,1542,4273,265,1208,30212,308,2823,1120,6090,1,8993,42963,171233
307,308,Andhra Pradesh,2009,85887535,39845354,46042181,64.05,74.86,53.25,55010966,29828232,24517461,"162,975",640,2001,2602,1555,136,871,0,871,1182,765,417,214,9,629,7220,16751,3051,13700,3001,788,5391,144,872,34947,420,3544,2271,5791,7,7400,34344,130089
308,309,Karnataka,2009,59809015,28510663,31298353,70.27,80.6,59.79,42027795,22979594,18713285,"191,791",703,2001,1626,1475,74,293,0,293,559,271,288,178,36,847,6394,12868,4016,8852,6686,494,2678,131,352,23285,220,1665,81,1755,0,100,47301,109098
309,310,Goa,2009,1524316,703928,820388,86.29,93.91,78.58,1315332,661059,644661,"3,702",863,2001,36,30,5,12,0,12,9,6,3,7,0,25,359,576,168,408,64,39,62,2,16,174,2,17,7,11,0,191,697,2341
310,311,Lakshadweep,2009,68725,31746,36979,91.74,98.42,84.88,63048,31244,31388,32,917,2001,1,0,0,0,0,0,0,0,0,0,0,0,1,10,0,10,1,1,0,0,2,3,0,0,0,0,0,0,17,36
311,312,Kerala,2009,36110251,15780758,20329493,95.3,99.53,91.44,34413069,15706588,18589288,"38,863",953,2001,472,615,111,562,0,562,183,97,86,176,13,517,4474,5441,1795,3646,8108,428,2756,239,768,19829,27,1942,81,2561,0,0,54544,103847
312,313,Tamil Nadu,2009,70443947,33194767,37249180,77.01,86.99,67.18,54248884,28876128,25023999,"130,058",770,2001,1662,2204,19,423,0,423,952,607,345,158,6,672,5965,16709,4478,12231,5196,360,2139,104,980,28429,191,1773,1012,815,14,8550,76468,154801
313,314,Pondicherry,2009,1104483,544392,560090,85.42,93.92,77.15,943449,511293,432109,479,854,2001,25,32,1,9,0,9,4,3,1,1,0,4,111,528,284,244,100,5,23,3,31,635,1,35,27,3,0,166,2324,4068
314,315,Andaman & Nicobar Islands*,2009,404063,196879,207185,85.09,90.94,78.35,343817,179042,162329,8249,851,2001,13,0,0,3,0,3,2,2,0,0,0,4,64,65,4,61,13,10,8,2,4,118,0,19,1,9,0,0,323,658
315,316,Jammu and Kashmir,2010,11579700,5880338,5699362,57.42,69.95,43.74,6649064,4113296,2492901,"42,241",574,2001,1075,1474,33,169,0,169,606,504,102,24,0,161,1345,1919,633,1286,1072,90,391,15,437,318,13,622,288,50,0,357,9046,19505
316,317,Himachal Pradesh,2010,6988410,3273434,3714976,81.32,91.51,71.21,5682975,2995519,2645434,"55,673",813,2001,119,75,11,124,0,124,126,105,21,4,0,28,844,600,142,458,628,69,146,2,134,1403,10,310,14,317,0,483,6052,11499
317,318,Punjab,2010,27930990,13754031,14176960,73.75,80.46,66.47,20599105,11066493,9423425,"50,362",737,2001,738,789,80,298,0,298,513,324,189,45,84,131,1902,3023,1204,1819,1,368,2621,58,63,3996,159,372,47,1128,0,2154,9204,27774
318,319,Chandigarh,2010,1035988,551395,484593,86.21,91.12,80.17,893125,502431,388498,114,862,2001,15,10,6,18,0,18,56,50,6,5,0,22,364,1529,494,1035,91,26,155,2,5,95,3,24,15,36,0,6,914,3397
319,320,Uttaranchal,2010,9750903,4720784,5030119,76.21,89.37,63.03,7431163,4218965,3170484,20650,762,2001,316,279,38,74,0,74,183,126,57,32,3,191,533,1419,374,1045,440,171,318,4,30,830,56,103,84,301,0,441,2227,8073
320,321,Haryana,2010,24243962,12566650,11677312,72.32,84.31,58.9,17533233,10594943,6877937,"44,212",723,2001,781,467,78,398,0,398,449,297,152,77,141,397,3109,6117,3022,3095,750,556,1016,37,203,4744,285,478,401,1513,0,856,15906,38759
321,322,Delhi,2010,15849458,8398976,7450482,86.27,92.95,78.44,13673327,7806848,5844158,1484,863,2001,547,510,63,381,0,381,1627,964,663,48,74,624,3029,19276,7894,11382,165,479,2183,42,50,2011,113,502,90,138,0,432,22000,54384
322,323,Rajasthan,2010,64940138,32857277,32082860,64.35,81.34,46.38,41788979,26726109,14880030,"342,239",644,2001,1259,1923,63,1049,0,1049,2718,2165,553,60,40,889,7284,16939,4324,12615,11214,1026,6644,89,1092,27485,376,2878,56,5532,1,4221,62347,155185
323,324,Uttar Pradesh,2010,190949165,97033154,93916012,60.48,74.71,44.95,115486055,72493469,42215247,"240,928",605,2001,7601,7964,1186,1958,0,1958,4330,2879,1451,905,38,3825,8411,27011,6189,20822,7343,3430,5363,147,812,17816,2211,2870,2575,7365,0,7129,57839,178129
324,325,Bihar,2010,95304814,48258740,47046074,50.11,64.17,35.11,47757242,30967633,16517877,"94,163",501,2001,3643,3419,250,888,0,888,2159,518,1641,1291,147,2203,3233,9701,1050,8651,8606,946,1659,85,502,7544,859,562,21,1558,83,2406,36667,88432
325,326,Sikkim,2010,621529,305796,315733,73.47,81.63,64.28,456637,249621,202953,"7,096",735,2001,19,11,7,8,0,8,6,2,4,0,0,3,76,74,6,68,3,1,13,0,1,35,0,0,14,0,0,7,166,444
326,327,Arunachal Pradesh,2010,1254708,636728,617980,57.72,68.16,46.27,724217,433994,285939,"83,743",577,2001,83,53,3,33,0,33,83,55,28,22,2,84,248,443,36,407,24,41,30,4,13,466,0,78,3,11,0,0,618,2342
327,328,Nagaland,2010,2286792,1065360,1221433,70.76,76.35,64.76,1618134,813402,791000,"16,579",708,2001,101,39,9,17,0,17,23,6,17,11,0,129,163,258,89,169,2,20,34,2,1,37,0,6,0,0,0,19,363,1234
328,329,Manipur,2010,2746762,1309896,1436866,72.61,82.84,62.44,1994424,1085118,897179,"22,327",726,2001,209,168,5,20,0,20,94,62,32,20,17,19,75,217,71,146,131,33,66,20,64,201,0,21,0,5,0,7,1097,2489
329,330,Mizoram,2010,1024654,510073,514581,93.3,96.48,90.08,956002,492118,463535,"21,081",933,2001,31,15,5,52,0,52,2,1,1,3,0,23,417,878,17,861,3,23,71,12,24,94,0,52,0,16,3,23,499,2246
330,331,Tripura,2010,3669620,1749949,1919671,77.66,86.67,68.41,2849827,1516681,1313247,"10,491",777,2001,240,25,0,102,0,102,93,35,58,26,0,63,198,259,6,253,138,4,17,6,31,412,16,58,0,227,0,31,855,2801
331,332,Meghalaya,2010,2651818,1344799,1307019,66.75,70.36,63.18,1770089,946201,825775,"22,429",668,2001,164,47,2,26,0,26,55,11,44,97,3,125,170,271,16,255,8,19,29,3,26,102,0,25,0,4,0,0,511,1687
332,333,Assam,2010,30632304,14852612,15779691,67.77,76.52,58.6,20759512,11365219,9246899,"78,438",678,2001,1356,481,40,817,0,817,1480,1070,410,532,14,687,2423,5367,350,5017,2953,374,575,46,441,5805,59,850,4,1248,0,2010,9315,36877
333,334,West Bengal,2010,92248732,44018134,48230597,72.98,82.53,62.98,67323125,36328166,30375630,"88,752",730,2001,1594,449,581,709,0,709,875,695,180,274,421,660,426,14245,2562,11683,3095,486,1216,102,102,3658,265,954,48,3859,3,2281,25260,61563
334,335,Jharkhand,2010,30943959,15377390,15566569,57.07,72.28,41.19,17659717,11114777,6411870,"79,716",571,2001,1507,866,143,567,0,567,441,279,162,636,48,647,1266,3827,754,3073,2018,283,554,23,165,2254,217,297,5,484,2,420,8777,25447
335,336,Orissa,2010,42210389,1781450542,-1739240154,67.07,80.8,53.31,28310508,1439412038,-927188926,155707,671,2001,987,1151,53,790,0,790,522,434,88,199,22,958,3093,5622,817,4805,1426,285,681,10,423,4367,294,1655,458,1266,0,1589,20810,46661
336,337,Chhatisgarh,2010,23913894,11595687,12318207,68.72,82.83,54.81,16433628,9604708,6751609,135192,687,2001,880,529,45,959,0,959,207,171,36,87,19,338,4144,4812,920,3892,871,154,402,8,215,5477,70,1763,161,840,0,689,15790,38460
337,338,Madhya Pradesh,2010,69438659,32901076,36537583,67.6,81.7,52.59,46940533,26880179,19215115,"308,252",676,2001,2425,2870,125,2851,0,2851,956,668,288,166,130,1764,13549,20263,4535,15728,3395,481,1413,19,1014,30895,609,7063,751,2562,0,3297,85143,181741
338,339,Gujarat,2010,58182999,28812103,29370897,73.77,85.64,61.29,42921598,24674685,18001423,"196,024",738,2001,1226,537,94,286,0,286,998,857,141,327,19,991,5142,15834,5504,10330,1930,1748,1779,55,449,13760,67,756,111,3667,0,2924,50719,103419
339,340,Daman & Diu,2010,181757,117125,64632,85.5,94.04,73.6,155402,110144,47569,112,855,2001,7,5,0,0,0,0,5,3,2,0,0,0,43,40,20,20,23,5,9,1,3,21,0,0,0,4,0,0,73,239
340,341,Dadra & Nagar Haveli,2010,253503,124497,129006,63.29,78.0,44.96,160442,97108,58001,491,633,2001,3,2,0,6,0,6,4,2,2,0,0,2,34,45,15,30,4,13,12,1,1,29,0,7,0,4,0,0,183,350
341,342,Maharashtra,2010,111258312,54221519,57036793,81.47,91.78,70.61,90642147,49764510,40273680,"307,713",815,2001,2839,1454,101,1302,0,1302,985,611,374,529,328,2239,15073,39866,8873,30993,6719,1542,4273,265,1208,30212,308,2823,1120,6090,1,8993,42963,171233
342,343,Andhra Pradesh,2010,87081372,40044581,47036791,64.43,75.37,53.52,56106528,30181601,25174091,"162,975",644,2001,2602,1555,136,871,0,871,1182,765,417,214,9,629,7220,16751,3051,13700,3001,788,5391,144,872,34947,420,3544,2271,5791,7,7400,34344,130089
343,344,Karnataka,2010,60640361,28724493,31915868,70.69,81.16,60.09,42866671,23312799,19178245,"191,791",707,2001,1626,1475,74,293,0,293,559,271,288,178,36,847,6394,12868,4016,8852,6686,494,2678,131,352,23285,220,1665,81,1755,0,100,47301,109098
344,345,Goa,2010,1545504,706251,839253,86.8,94.55,78.98,1341497,667760,662842,"3,702",868,2001,36,30,5,12,0,12,9,6,3,7,0,25,359,576,168,408,64,39,62,2,16,174,2,17,7,11,0,191,697,2341
345,346,Lakshadweep,2010,69680,31825,37855,92.28,99.1,85.3,64301,31539,32290,32,923,2001,1,0,0,0,0,0,0,0,0,0,0,0,1,10,0,10,1,1,0,0,2,3,0,0,0,0,0,0,17,36
346,347,Kerala,2010,36612183,15820210,20791974,95.86,100.21,91.89,35096439,15853432,19105745,"38,863",959,2001,472,615,111,562,0,562,183,97,86,176,13,517,4474,5441,1795,3646,8108,428,2756,239,768,19829,27,1942,81,2561,0,0,54544,103847
347,348,Tamil Nadu,2010,71423118,33443728,37979390,77.46,87.59,67.51,55324347,29293361,25639886,"130,058",775,2001,1662,2204,19,423,0,423,952,607,345,158,6,672,5965,16709,4478,12231,5196,360,2139,104,980,28429,191,1773,1012,815,14,8550,76468,154801
348,349,Pondicherry,2010,1119835,552068,567767,85.92,94.56,77.53,962162,522036,440190,479,859,2001,25,32,1,9,0,9,4,3,1,1,0,4,111,528,284,244,100,5,23,3,31,635,1,35,27,3,0,166,2324,4068
349,350,Andaman & Nicobar Islands*,2010,409680,197371,212309,85.59,91.56,78.75,350645,180713,167193,8249,856,2001,13,0,0,3,0,3,2,2,0,0,0,4,64,65,4,61,13,10,8,2,4,118,0,19,1,9,0,0,323,658
350,351,Jammu and Kashmir,2011,11738342,5948550,5789792,57.76,70.43,43.96,6780066,4189564,2545193,"42,241",578,2001,1075,1474,33,169,0,169,606,504,102,24,0,161,1345,1919,633,1286,1072,90,391,15,437,318,13,622,288,50,0,357,9046,19505
351,352,Himachal Pradesh,2011,7084151,3295038,3789113,81.8,92.14,71.56,5794836,3036048,2711489,"55,673",818,2001,119,75,11,124,0,124,126,105,21,4,0,28,844,600,142,458,628,69,146,2,134,1403,10,310,14,317,0,483,6052,11499
352,353,Punjab,2011,28313645,13844807,14468838,74.19,81.01,66.8,21005893,11215678,9665184,"50,362",742,2001,738,789,80,298,0,298,513,324,189,45,84,131,1902,3023,1204,1819,1,368,2621,58,63,3996,159,372,47,1128,0,2154,9204,27774
353,354,Chandigarh,2011,1050181,556413,493768,86.71,91.75,80.57,910612,510509,397829,114,867,2001,15,10,6,18,0,18,56,50,6,5,0,22,364,1529,494,1035,91,26,155,2,5,95,3,24,15,36,0,6,914,3397
354,355,Uttaranchal,2011,9884490,4767992,5116498,76.66,89.99,63.34,7577450,4290716,3240790,20650,767,2001,316,279,38,74,0,74,183,126,57,32,3,191,533,1419,374,1045,440,171,318,4,30,830,56,103,84,301,0,441,2227,8073
355,356,Haryana,2011,24576104,12712423,11863681,72.75,84.89,59.19,17879116,10791576,7022113,"44,212",728,2001,781,467,78,398,0,398,449,297,152,77,141,397,3109,6117,3022,3095,750,556,1016,37,203,4744,285,478,401,1513,0,856,15906,38759
356,357,Delhi,2011,16066595,8496404,7570191,86.78,93.59,78.84,13942591,7951785,5968339,1484,868,2001,547,510,63,381,0,381,1627,964,663,48,74,624,3029,19276,7894,11382,165,479,2183,42,50,2011,113,502,90,138,0,432,22000,54384
357,358,Rajasthan,2011,65829817,33267993,32561824,64.73,81.9,46.61,42611641,27246486,15177066,"342,239",647,2001,1259,1923,63,1049,0,1049,2718,2165,553,60,40,889,7284,16939,4324,12615,11214,1026,6644,89,1092,27485,376,2878,56,5532,1,4221,62347,155185
358,359,Uttar Pradesh,2011,193565169,98158738,95406431,60.84,75.23,45.18,117765049,73844819,43104626,"240,928",608,2001,7601,7964,1186,1958,0,1958,4330,2879,1451,905,38,3825,8411,27011,6189,20822,7343,3430,5363,147,812,17816,2211,2870,2575,7365,0,7129,57839,178129
359,360,Bihar,2011,96610490,48861975,47748516,50.41,64.61,35.29,48701348,31569722,16850451,"94,163",504,2001,3643,3419,250,888,0,888,2159,518,1641,1291,147,2203,3233,9701,1050,8651,8606,946,1659,85,502,7544,859,562,21,1558,83,2406,36667,88432
360,361,Sikkim,2011,630044,307814,322230,73.9,82.19,64.6,465603,252992,208161,"7,096",739,2001,19,11,7,8,0,8,6,2,4,0,0,3,76,74,6,68,3,1,13,0,1,35,0,0,14,0,0,7,166,444
361,362,Arunachal Pradesh,2011,1271898,644114,627783,58.06,68.63,46.5,738464,442055,291919,"83,743",581,2001,83,53,3,33,0,33,83,55,28,22,2,84,248,443,36,407,24,41,30,4,13,466,0,78,3,11,0,0,618,2342
362,363,Nagaland,2011,2318121,1068023,1250098,71.18,76.88,65.09,1650039,821096,813689,"16,579",712,2001,101,39,9,17,0,17,23,6,17,11,0,129,163,258,89,169,2,20,34,2,1,37,0,6,0,0,0,19,363,1234
363,364,Manipur,2011,2784393,1321816,1462577,73.04,83.41,62.75,2033721,1102527,917767,"22,327",730,2001,209,168,5,20,0,20,94,62,32,20,17,19,75,217,71,146,131,33,66,20,64,201,0,21,0,5,0,7,1097,2489
364,365,Mizoram,2011,1038692,515990,522702,93.85,97.15,90.53,974812,501284,473202,"21,081",938,2001,31,15,5,52,0,52,2,1,1,3,0,23,417,878,17,861,3,23,71,12,24,94,0,52,0,16,3,23,499,2246
365,366,Tripura,2011,3719894,1763074,1956820,78.12,87.27,68.76,2905981,1538635,1345509,"10,491",781,2001,240,25,0,102,0,102,93,35,58,26,0,63,198,259,6,253,138,4,17,6,31,412,16,58,0,227,0,31,855,2801
366,367,Meghalaya,2011,2688148,1366046,1322102,67.15,70.85,63.5,1805091,967844,839535,"22,429",671,2001,164,47,2,26,0,26,55,11,44,97,3,125,170,271,16,255,8,19,29,3,26,102,0,25,0,4,0,0,511,1687
367,368,Assam,2011,31051966,14975889,16076077,68.17,77.05,58.9,21168125,11538922,9468809,"78,438",682,2001,1356,481,40,817,0,817,1480,1070,410,532,14,687,2423,5367,350,5017,2953,374,575,46,441,5805,59,850,4,1248,0,2010,9315,36877
368,369,West Bengal,2011,93512539,44308654,49203885,73.41,83.1,63.3,68647555,36820491,31146059,"88,752",734,2001,1594,449,581,709,0,709,875,695,180,274,421,660,426,14245,2562,11683,3095,486,1216,102,102,3658,265,954,48,3859,3,2281,25260,61563
369,370,Jharkhand,2011,31367891,15555768,15812123,57.41,72.78,41.39,18008306,11321488,6544638,"79,716",574,2001,1507,866,143,567,0,567,441,279,162,636,48,647,1266,3827,754,3073,2018,283,554,23,165,2254,217,297,5,484,2,420,8777,25447
370,371,Orissa,2011,42788671,2957207900,-2914419229,67.46,81.36,53.58,28865237,2405984347,-1561545823,155707,675,2001,987,1151,53,790,0,790,522,434,88,199,22,958,3093,5622,817,4805,1426,285,681,10,423,4367,294,1655,458,1266,0,1589,20810,46661
371,372,Chhatisgarh,2011,24241514,11730197,12511317,69.13,83.4,55.08,16758159,9782984,6891233,135192,691,2001,880,529,45,959,0,959,207,171,36,87,19,338,4144,4812,920,3892,871,154,402,8,215,5477,70,1763,161,840,0,689,15790,38460
372,373,Madhya Pradesh,2011,70389969,33065582,37324387,67.99,82.27,52.85,47858140,27203054,19725939,"308,252",680,2001,2425,2870,125,2851,0,2851,956,668,288,166,130,1764,13549,20263,4535,15728,3395,481,1413,19,1014,30895,609,7063,751,2562,0,3297,85143,181741
373,374,Gujarat,2011,58980106,29100224,29879883,74.21,86.23,61.6,43769137,25093123,18406008,"196,024",742,2001,1226,537,94,286,0,286,998,857,141,327,19,991,5142,15834,5504,10330,1930,1748,1779,55,449,13760,67,756,111,3667,0,2924,50719,103419
374,375,Daman & Diu,2011,184247,120241,64006,86.0,94.69,73.97,158452,113856,47345,112,860,2001,7,5,0,0,0,0,5,3,2,0,0,0,43,40,20,20,23,5,9,1,3,21,0,0,0,4,0,0,73,239
375,376,Dadra & Nagar Haveli,2011,256976,124809,132167,63.67,78.54,45.19,163617,98025,59726,491,637,2001,3,2,0,6,0,6,4,2,2,0,0,2,34,45,15,30,4,13,12,1,1,29,0,7,0,4,0,0,183,350
376,377,Maharashtra,2011,112782551,54671557,58110993,81.95,92.41,70.96,92425301,50521986,41235561,"307,713",820,2001,2839,1454,101,1302,0,1302,985,611,374,529,328,2239,15073,39866,8873,30993,6719,1542,4273,265,1208,30212,308,2823,1120,6090,1,8993,42963,171233
377,378,Andhra Pradesh,2011,88274387,40244804,48029583,64.81,75.89,53.79,57210630,30541782,25835113,"162,975",648,2001,2602,1555,136,871,0,871,1182,765,417,214,9,629,7220,16751,3051,13700,3001,788,5391,144,872,34947,420,3544,2271,5791,7,7400,34344,130089
378,379,Karnataka,2011,61471134,28939926,32531207,71.1,81.72,60.39,43705976,23649708,19645596,"191,791",711,2001,1626,1475,74,293,0,293,559,271,288,178,36,847,6394,12868,4016,8852,6686,494,2678,131,352,23285,220,1665,81,1755,0,100,47301,109098
379,380,Goa,2011,1566677,708581,858096,87.31,95.21,79.37,1367866,674640,681071,"3,702",873,2001,36,30,5,12,0,12,9,6,3,7,0,25,359,576,168,408,64,39,62,2,16,174,2,17,7,11,0,191,697,2341
380,381,Lakshadweep,2011,70635,31905,38730,92.82,99.78,85.73,65563,31835,33203,32,928,2001,1,0,0,0,0,0,0,0,0,0,0,0,1,10,0,10,1,1,0,0,2,3,0,0,0,0,0,0,17,36
381,382,Kerala,2011,37113770,15859760,21254010,96.43,100.91,92.35,35788808,16004084,19628078,"38,863",964,2001,472,615,111,562,0,562,183,97,86,176,13,517,4474,5441,1795,3646,8108,428,2756,239,768,19829,27,1942,81,2561,0,0,54544,103847
382,383,Tamil Nadu,2011,72401614,33694556,38707058,77.92,88.19,67.85,56415338,29715229,26262739,"130,058",779,2001,1662,2204,19,423,0,423,952,607,345,158,6,672,5965,16709,4478,12231,5196,360,2139,104,980,28429,191,1773,1012,815,14,8550,76468,154801
383,384,Pondicherry,2011,1135177,559853,575324,86.43,95.22,77.92,981133,533092,448292,479,864,2001,25,32,1,9,0,9,4,3,1,1,0,4,111,528,284,244,100,5,23,3,31,635,1,35,27,3,0,166,2324,4068
384,385,Andaman & Nicobar Islands*,2011,415292,197864,217428,86.1,92.2,79.14,357566,182431,172073,8249,861,2001,13,0,0,3,0,3,2,2,0,0,0,4,64,65,4,61,13,10,8,2,4,118,0,19,1,9,0,0,323,658
385,386,Jammu and Kashmir,2012,11895635,6017553,5878082,58.1,70.92,44.18,6911364,4267649,2596937,"42,241",581,2001,1075,1474,33,169,0,169,606,504,102,24,0,161,1345,1919,633,1286,1072,90,391,15,437,318,13,622,288,50,0,357,9046,19505
386,387,Himachal Pradesh,2012,7179079,3316786,3862293,82.29,92.78,71.92,5907664,3077314,2777761,"55,673",823,2001,119,75,11,124,0,124,126,105,21,4,0,28,844,600,142,458,628,69,146,2,134,1403,10,310,14,317,0,483,6052,11499
387,388,Punjab,2012,28693048,13936183,14756865,74.63,81.57,67.13,21413622,11367744,9906283,"50,362",746,2001,738,789,80,298,0,298,513,324,189,45,84,131,1902,3023,1204,1819,1,368,2621,58,63,3996,159,372,47,1128,0,2154,9204,27774
388,389,Chandigarh,2012,1064254,561476,502777,87.23,92.38,80.97,928349,518692,407099,114,872,2001,15,10,6,18,0,18,56,50,6,5,0,22,364,1529,494,1035,91,26,155,2,5,95,3,24,15,36,0,6,914,3397
389,390,Uttaranchal,2012,10016942,4815672,5201270,77.11,90.61,63.66,7724064,4363480,3311128,20650,771,2001,316,279,38,74,0,74,183,126,57,32,3,191,533,1419,374,1045,440,171,318,4,30,830,56,103,84,301,0,441,2227,8073
390,391,Haryana,2012,24905424,12859887,12045537,73.18,85.48,59.49,18225789,10992631,7165890,"44,212",732,2001,781,467,78,398,0,398,449,297,152,77,141,397,3109,6117,3022,3095,750,556,1016,37,203,4744,285,478,401,1513,0,856,15906,38759
391,392,Delhi,2012,16281888,8594962,7686926,87.29,94.23,79.23,14212460,8099033,6090351,1484,873,2001,547,510,63,381,0,381,1627,964,663,48,74,624,3029,19276,7894,11382,165,479,2183,42,50,2011,113,502,90,138,0,432,22000,54384
392,393,Rajasthan,2012,66711937,33683843,33028094,65.11,82.47,46.84,43436142,27779065,15470359,"342,239",651,2001,1259,1923,63,1049,0,1049,2718,2165,553,60,40,889,7284,16939,4324,12615,11214,1026,6644,89,1092,27485,376,2878,56,5532,1,4221,62347,155185
393,394,Uttar Pradesh,2012,196158942,99297380,96861562,61.19,75.75,45.4,120029657,75217765,43975149,"240,928",612,2001,7601,7964,1186,1958,0,1958,4330,2879,1451,905,38,3825,8411,27011,6189,20822,7343,3430,5363,147,812,17816,2211,2870,2575,7365,0,7129,57839,178129
394,395,Bihar,2012,97905071,49472749,48432322,50.71,65.06,35.46,49647662,32186970,17174101,"94,163",507,2001,3643,3419,250,888,0,888,2159,518,1641,1291,147,2203,3233,9701,1050,8651,8606,946,1659,85,502,7544,859,562,21,1558,83,2406,36667,88432
395,396,Sikkim,2012,638487,309846,328641,74.34,82.76,64.93,474651,256429,213387,"7,096",743,2001,19,11,7,8,0,8,6,2,4,0,0,3,76,74,6,68,3,1,13,0,1,35,0,0,14,0,0,7,166,444
396,397,Arunachal Pradesh,2012,1288941,651586,637355,58.4,69.1,46.73,752742,450246,297836,"83,743",584,2001,83,53,3,33,0,33,83,55,28,22,2,84,248,443,36,407,24,41,30,4,13,466,0,78,3,11,0,0,618,2342
397,398,Nagaland,2012,2349184,1070693,1278491,71.6,77.41,65.41,1682016,828823,836261,"16,579",716,2001,101,39,9,17,0,17,23,6,17,11,0,129,163,258,89,169,2,20,34,2,1,37,0,6,0,0,0,19,363,1234
398,399,Manipur,2012,2821703,1333844,1487859,73.47,83.99,63.07,2073105,1120296,938393,"22,327",735,2001,209,168,5,20,0,20,94,62,32,20,17,19,75,217,71,146,131,33,66,20,64,201,0,21,0,5,0,7,1097,2489
399,400,Mizoram,2012,1052611,521975,530635,94.41,97.82,90.99,993770,510596,482825,"21,081",944,2001,31,15,5,52,0,52,2,1,1,3,0,23,417,878,17,861,3,23,71,12,24,94,0,52,0,16,3,23,499,2246
400,401,Tripura,2012,3769740,1776297,1993443,78.58,87.87,69.1,2962262,1560832,1377469,"10,491",786,2001,240,25,0,102,0,102,93,35,58,26,0,63,198,259,6,253,138,4,17,6,31,412,16,58,0,227,0,31,855,2801
401,402,Meghalaya,2012,2724169,1387630,1336539,67.54,71.34,63.82,1839904,989935,852979,"22,429",675,2001,164,47,2,26,0,26,55,11,44,97,3,125,170,271,16,255,8,19,29,3,26,102,0,25,0,4,0,0,511,1687
402,403,Assam,2012,31468062,15100189,16367873,68.58,77.58,59.19,21580797,11714727,9688144,"78,438",686,2001,1356,481,40,817,0,817,1480,1070,410,532,14,687,2423,5367,350,5017,2953,374,575,46,441,5805,59,850,4,1248,0,2010,9315,36877
403,404,West Bengal,2012,94765607,44601091,50164516,73.85,83.68,63.62,69984401,37322193,31914665,"88,752",739,2001,1594,449,581,709,0,709,875,695,180,274,421,660,426,14245,2562,11683,3095,486,1216,102,102,3658,265,954,48,3859,3,2281,25260,61563
404,405,Jharkhand,2012,31788221,15736215,16052006,57.75,73.28,41.6,18357698,11531498,6677634,"79,716",578,2001,1507,866,143,567,0,567,441,279,162,636,48,647,1266,3827,754,3073,2018,283,554,23,165,2254,217,297,5,484,2,420,8777,25447
405,406,Orissa,2012,43362039,4908965115,-4865603076,67.86,81.92,53.84,29425480,4021424222,-2619640696,155707,679,2001,987,1151,53,790,0,790,522,434,88,199,22,958,3093,5622,817,4805,1426,285,681,10,423,4367,294,1655,458,1266,0,1589,20810,46661
406,407,Chhatisgarh,2012,24566350,11866267,12700083,69.54,83.98,55.36,17083440,9965291,7030766,135192,695,2001,880,529,45,959,0,959,207,171,36,87,19,338,4144,4812,920,3892,871,154,402,8,215,5477,70,1763,161,840,0,689,15790,38460
407,408,Madhya Pradesh,2012,71333194,33230910,38102285,68.4,82.83,53.12,48791905,27525163,20239934,"308,252",684,2001,2425,2870,125,2851,0,2851,956,668,288,166,130,1764,13549,20263,4535,15728,3395,481,1413,19,1014,30895,609,7063,751,2562,0,3297,85143,181741
408,409,Gujarat,2012,59770440,29391226,30379214,74.65,86.83,61.9,44618633,25520402,18804733,"196,024",746,2001,1226,537,94,286,0,286,998,857,141,327,19,991,5142,15834,5504,10330,1930,1748,1779,55,449,13760,67,756,111,3667,0,2924,50719,103419
409,410,Daman & Diu,2012,186716,123439,63277,86.51,95.35,74.34,161528,117699,47040,112,865,2001,7,5,0,0,0,0,5,3,2,0,0,0,43,40,20,20,23,5,9,1,3,21,0,0,0,4,0,0,73,239
410,411,Dadra & Nagar Haveli,2012,260420,125121,135299,64.04,79.08,45.41,166773,98946,61439,491,640,2001,3,2,0,6,0,6,4,2,2,0,0,2,34,45,15,30,4,13,12,1,1,29,0,7,0,4,0,0,183,350
411,412,Maharashtra,2012,114293837,55125331,59168506,82.44,93.05,71.32,94223839,51294120,42198978,"307,713",824,2001,2839,1454,101,1302,0,1302,985,611,374,529,328,2239,15073,39866,8873,30993,6719,1542,4273,265,1208,30212,308,2823,1120,6090,1,8993,42963,171233
412,413,Andhra Pradesh,2012,89457263,40446028,49011236,65.2,76.42,54.06,58326135,30908855,26495474,"162,975",652,2001,2602,1555,136,871,0,871,1182,765,417,214,9,629,7220,16751,3051,13700,3001,788,5391,144,872,34947,420,3544,2271,5791,7,7400,34344,130089
413,414,Karnataka,2012,62294847,29156976,33137871,71.52,82.28,60.69,44553275,23990360,20111374,"191,791",715,2001,1626,1475,74,293,0,293,559,271,288,178,36,847,6394,12868,4016,8852,6686,494,2678,131,352,23285,220,1665,81,1755,0,100,47301,109098
414,415,Goa,2012,1587671,710920,876751,87.82,95.86,79.77,1394293,681488,699384,"3,702",878,2001,36,30,5,12,0,12,9,6,3,7,0,25,359,576,168,408,64,39,62,2,16,174,2,17,7,11,0,191,697,2341
415,416,Lakshadweep,2012,71581,31985,39597,93.37,100.47,86.16,66835,32135,34117,32,934,2001,1,0,0,0,0,0,0,0,0,0,0,0,1,10,0,10,1,1,0,0,2,3,0,0,0,0,0,0,17,36
416,417,Kerala,2012,37611095,15899410,21711685,97.0,101.6,92.81,36482762,16153801,20150615,"38,863",970,2001,472,615,111,562,0,562,183,97,86,176,13,517,4474,5441,1795,3646,8108,428,2756,239,768,19829,27,1942,81,2561,0,0,54544,103847
417,418,Tamil Nadu,2012,73371796,33947265,39424531,78.38,88.8,68.19,57508814,30145171,26883588,"130,058",784,2001,1662,2204,19,423,0,423,952,607,345,158,6,672,5965,16709,4478,12231,5196,360,2139,104,980,28429,191,1773,1012,815,14,8550,76468,154801
418,419,Pondicherry,2012,1150388,567746,582642,86.94,95.87,78.31,1000147,544298,456267,479,869,2001,25,32,1,9,0,9,4,3,1,1,0,4,111,528,284,244,100,5,23,3,31,635,1,35,27,3,0,166,2324,4068
419,420,Andaman & Nicobar Islands*,2012,420857,198359,222498,86.61,92.83,79.54,364504,184137,176975,8249,866,2001,13,0,0,3,0,3,2,2,0,0,0,4,64,65,4,61,13,10,8,2,4,118,0,19,1,9,0,0,323,658
